id,cluster,publisher,document,period,url,access_date,pages_used,used_for,basis_notes
P1:S01,Phase 1,Absa Group Limited,Annual consolidated and separate financial statements (single page),FY ended 31 Dec 2025,https://www.absa.africa/wp-content/uploads/2026/03/Absa-Group-Annual-Consolidated-and-Separate-Financial-Statements-single-page.pdf,2026-10-06,"22, 63, 82, 86, 117, 146, 147, 151, 161, 230, 234, 240",Entity map; insurance revenue and expenses; acquisition cash flows; solvency covers; underwriting entities; AIRMS closure; SIH holding; segment changes,IFRS 17; group consolidated; includes Kenya and entities sold in 2025
P1:S02,Phase 1,Absa Group Limited,Integrated Report 2025,FY ended 31 Dec 2025,https://www.absa.africa/wp-content/uploads/2026/04/Absa-Group-Limited-Integrated-Report.pdf,2026-10-06,"10, 20",Operating model decision; group headcount,Group level only
P1:S03,Phase 1,Absa Group Limited,Interim results full SENS announcement (single page),6 months to 30 Jun 2026,https://www.absa.africa/wp-content/uploads/2026/08/Interim-results-Group-full-SENS-announcement-single-page.pdf,2026-10-06,"4, 6, 12, 43, 52",Insurance SA headline earnings; Life and Non-life profit; group insurance lines; PPB insurance revenue and service expenses; new operating model,Unaudited; IFRS 17
P1:S04,Phase 1,Absa Group Limited,Interim results investor presentation,6 months to 30 Jun 2026,https://www.absa.africa/wp-content/uploads/2026/08/Interim-results-investor-presentation.pdf,2026-10-06,28,Insurance SA headline earnings chart,Slide numbering per deck
P1:S05,Phase 1,Absa Group Limited,Full year results investor presentation,FY ended 31 Dec 2025,https://www.absa.africa/wp-content/uploads/2026/03/Full-year-results-investor-presentation.pdf,2026-10-06,23,Insurance SA headline earnings FY24 and FY25,Slide numbering per deck
P1:S06,Phase 1,Absa Group Limited,Interim results full SENS announcement (single page),6 months to 30 Jun 2025,https://www.absa.africa/wp-content/uploads/2025/08/Interim-results-Group-full-SENS-announcement-single-page.pdf,2026-10-06,"4, 5",Insurance SA commentary and headline earnings,Unaudited; IFRS 17
P1:S07,Phase 1,Absa Group Limited,1H25 results presentation,6 months to 30 Jun 2025,https://www.absa.africa/wp-content/uploads/2025/08/Absa-Group-1H25-results-presentation.pdf,2026-10-06,"9, 30",Insurance SA within PPB; segment restatement notes,Slide numbering per deck
P1:S08,Phase 1,Absa Group Limited,Full year results short form SENS announcement,FY ended 31 Dec 2025,https://www.absa.africa/wp-content/uploads/2026/03/Full-year-results-Group-short-form-SENS-announcement.pdf,2026-10-06,1-2,Confirmation of results release,Summary only
P1:S09,Phase 1,Prudential Authority (SARB),List of entities designated as part of Absa Financial Services Insurance Group,Designation 30 Jan 2019,https://www.resbank.co.za/content/dam/sarb/what-we-do/prudential-regulation/pa-designated-entities/insurance/ABSA%20Financial%20Services%20Insurance%20Group.pdf,2026-10-06,1,Insurance group designation and member entities,List not updated for 2022 to 2025 disposals
P1:S10,Phase 1,Prudential Authority (SARB),Administrative penalty order: Absa Insurance Company Limited,Dated 31 Oct 2025,https://www.resbank.co.za/content/dam/sarb/what-we-do/prudential-regulation/financial-sector-regulation/2026/Administrative%20Penalty%20Order%20for%20Absa%20Insurance%20Company%20Limited.pdf,2026-10-06,1,Penalty of R6 404 000 for underwriting classes outside licence,Fact
P1:S11,Phase 1,Prudential Authority (SARB),Certificate of licensing: ABSA Life Limited (IN0013) with Annexure A classes,Issued 1 Oct 2020,https://www.resbank.co.za/content/dam/sarb/publications/prudential-authority/pa-insurers/pa-post-insurance/act-notices/2022/conversion-of-insurers-certificates-/ABSA%20Life%20Limited.pdf,2026-10-06,1-2,Life licence classes,Fact
P1:S12,Phase 1,Prudential Authority (SARB),Notice: licensing of ABSA Risk Transfer Insurance Company Limited as a cell captive insurer,Effective 18 Jan 2024; notice dated 1 Feb 2024,https://www.resbank.co.za/content/dam/sarb/publications/prudential-authority/pa-insurers/pa-post-insurance/act-notices/2024/ABSA%20Risk%20Transfer%20Company%20Limited%20-%20New%20licence%20Publication.pdf,2026-10-06,1-2,ARTIC licence type and classes,Fact
P1:S13,Phase 1,Prudential Authority (SARB),Selected South African insurance sector data,December 2025,https://www.resbank.co.za/content/dam/sarb/publications/prudential-authority/pa-selected-south-african-insurance-sector-data/2025/Selected%20South%20African%20insurance%20sector_Dec%2025.pdf,2026-10-06,3-4,Count of licensed insurers by type; composite licences limited to microinsurers and reinsurers,Aggregate data only; no entity names
P1:S14,Phase 1,Absa Bank Limited,Absa Life Limited product page (licence and FSP numbers),Accessed 2026,https://www.absa.co.za/personal/insure/my-life/absa-life-limited/,2026-10-06,web page,Absa Life licence I121 and FSP 36116,Web disclosure
P1:S15,Phase 1,Absa Bank Limited,Instant Life product page,Accessed 2026,https://www.absa.co.za/personal/insure/my-life/instant-life/,2026-10-06,web page,Instant Life FSP 42569 and underwriting by Absa Life,Web disclosure via search result; confirm on FSCA register
P1:S16,Phase 1,Absa Bank Limited,Financial advisers page,Accessed 2026,https://absa.co.za/personal/financial-advisers,2026-10-06,web page,AIFA FSP 4012,Web disclosure via search result; confirm on FSCA register
P1:S17,Phase 1,Absa Investment Management Services,Application form footer (FSP 524; registration 1980/002425/07),Undated,https://ss.absa.co.za/assets/calendar-docs/0506acba-a35e-11e9-99f6-0242ac110004_sep_App%20Form%20Absa-5313.pdf,2026-10-06,footer,AIMS FSP number,Confirm on FSCA register
P1:S18,Phase 1,Profile Media,Profile's Stock Exchange Handbook (JSE members),2020-2022 issues,https://profile.co.za/shb/2022-1/files/basic-html/page9.html,2026-10-06,page 9,Absa Stockbrokers JSE membership and registration number,Secondary; FSP number unconfirmed
P1:S19,Phase 1,JSE / Sanlam / Absa,SENS: Sanlam and Absa to combine investment management businesses,5 Oct 2021,https://senspdf.jse.co.za/documents/SENS_20211005_S452071.pdf,2026-10-06,all,Scope of businesses transferred to Sanlam Investment Holdings and LISP sale to Glacier,Fact; completion per S20
P1:S20,Phase 1,FAnews,Glacier by Sanlam completes merger with Absa's market LISP business,1 Nov 2023,https://www.fanews.co.za/article/investments/8/general/1133/glacier-by-sanlam-completes-merger-with-the-absa-s-market-linked-investment-services-provider-business/38277,2026-10-06,article,LISP transfer completion date,Secondary; primary SENS to be located in Phase 2
P1:S21,Phase 1,Moonstone,Absa to sell LISP business to Glacier as part of deal with Sanlam,11 Oct 2021,https://www.moonstone.co.za/absa-to-sell-lisp-business-to-glacier-as-part-of-deal-with-sanlam/,2026-10-06,article,LISP assets under administration at announcement,Secondary
P1:S22,Phase 1,The Citizen / Moonstone,Absa closes R75bn Money Market Fund,Jul 2021,https://www.citizen.co.za/business/absa-closes-r75bn-money-market-fund,2026-10-06,article,Money market fund closure,Secondary; relevant to Absa Fund Managers status
P1:S23,Phase 1,Hollard,Hollard to buy Absa's insurance businesses in Mozambique Botswana and Zambia,2024-2025,https://www.hollard.co.za/media-centre/press-releases/hollard-to-buy-absas-insurance-businesses,2026-10-06,press release,Rest of Africa underwriting disposals,Completion evidenced by nil holdings in S01 p147
P1:S24,Phase 1,Khusoko,Absa First Assurance Kenya stake sale,13 Aug 2026,https://khusoko.com/2026/08/13/absa-first-assurance-kenya-stake-sale/,2026-10-06,article,Kenya sale agreement and 63.32% stake,Secondary; Absa SENS to be located
P1:S25,Phase 1,Business Daily Africa,Mudavadi group to acquire insurance firms from Absa,Aug 2026,https://www.businessdailyafrica.com/bd/corporate/companies/mudavadi-group-to-acquire-insurance-firms-from-absa-5557116,2026-10-06,article,Kenya sale context and bancassurance profit,Secondary
P1:S26,Phase 1,Absa Bank Limited,Notice of transfer of policies from Guardrisk Life to Absa Life,16 Jan 2020 and 27 Jan 2021,https://www.absa.co.za/media-centre/press-statements/2020/absa-notice-of-transfer-of-policies-guardrisk-life-to-absa-life/,2026-10-06,notice,Precedent for statutory policy transfer,Fact
P1:S27,Phase 1,KPMG South Africa,The South African Insurance Industry Survey 2025,Published 16 Oct 2025,https://assets.kpmg.com/content/dam/kpmg/za/pdf/2025/Insurance%20Survey%202025_16102025.pdf,2026-10-06,not yet used,Phase 2 and 3 entity-level industry tables,To be parsed in Phase 2
P1:S28,Phase 1,ASISA,Assets managed by SA life insurers exceed R5 trillion (media release),31 Mar 2026,https://www.asisa.org.za/media/4rpl201h/20260331_assets-managed-by-sa-life-insurers-exceed-r5-trillion-for-the-first-time.pdf,2026-10-06,not yet used,Industry policy and lapse statistics for Phase 3 normalisation,Aggregate only
P1:S29,Phase 1,Absa Group Limited,Absa Financial Services Day presentation,2012 (file dated 2022),https://www.absa.africa/wp-content/uploads/2022/09/absa-financial-services-day.pdf,2026-10-06,not used,Checked and rejected: data is 1H12,Stale; history only
P1:S30,Phase 1,Absa Group Limited,Annual reports index page,FY23 to FY25,https://www.absa.africa/absaafrica/investor-relations/annual-reports/,2026-10-06,index,URLs for FY23 and FY24 group statements and integrated reports,For Phase 2 download
P1:S31,Phase 1,Absa Group Limited,JSE regulatory announcements page,2025-2026,https://www.absa.africa/investor-relations/jse-regulatory-announcements/,2026-10-06,index,URLs for interim and full year SENS booklets,For Phase 2 download
AFS:S01,AFS,Absa Group Limited,Results booklet for the period ended 31 December 2025 (single page),FY2025,https://www.absa.africa/wp-content/uploads/2026/03/Results-booklet-for-the-period-ended-31-December-2025-single-page.pdf,2026-10-06,pdf101/print99; pdf12/print10; pdf19/print17; pdf34/print32; pdf35/print33; pdf36/print34; pdf77/print75; pdf87/print85; pdf88/print86; pdf90/print88; pdf91/print89; pdf92/print90,Phase 2 and 3 research cluster AFS; see Raw data tab source_id,IFRS 17 segment disclosures; Insurance SA = Life + Non-Life + Insurance HO (restated basis). PDF page = printed page + 2
AFS:S02,AFS,Absa Group Limited,Results booklet for the period ended 31 December 2024 (single page),FY2024,https://www.absa.africa/wp-content/uploads/2025/03/Results-booklet-for-the-period-ended-31-December-2024-single-page.pdf,2026-10-06,pdf107/print105; pdf21/print19; pdf35/print33; pdf36/print34; pdf81/print79; pdf87/print85; pdf91/print89,Phase 2 and 3 research cluster AFS; see Raw data tab source_id,"IFRS 17; Insurance SA = Life + Non-Life only (Insurance HO shown separately in PSC Head office, Advice and Investments). PDF page = printed page + 2"
AFS:S03,AFS,Absa Group Limited,Results booklet for the period ended 31 December 2023 (single page),FY2023,https://www.absa.africa/wp-content/uploads/2024/04/Results-booklet-for-the-period-ended-31-December-2023-single-page.pdf,2026-10-06,pdf38/print36; pdf39/print37; pdf79/print77; pdf83/print81; pdf86/print84,Phase 2 and 3 research cluster AFS; see Raw data tab source_id,"Normalised basis; IFRS 17 (first year of adoption, 2022 restated). Insurance SA = Life + Non-Life. PDF page = printed page + 2"
AFS:S04,AFS,Absa Group Limited,Results booklet for the period ended 30 June 2026 (single page),1H2026,https://www.absa.africa/wp-content/uploads/2026/08/Results-booklet-for-the-period-ended-30-June-2026-single-page.pdf,2026-10-06,pdf100/print98; pdf101/print99; pdf102/print100; pdf103/print101; pdf104/print102; pdf109/print107; pdf35/print33; pdf36/print34,Phase 2 and 3 research cluster AFS; see Raw data tab source_id,IFRS 17; Insurance SA incl Insurance HO; FY2025 comparatives restated (segment changes note 13). PDF page = printed page + 2
AFS:S05,AFS,Absa Group Limited,Results booklet for the period ended 30 June 2025 (single page),1H2025,https://www.absa.africa/wp-content/uploads/2025/08/Results-booklet-for-the-period-ended-30-June-2025-single-page.pdf,2026-10-06,pdf100/print98; pdf101/print99; pdf102/print100; pdf103/print101; pdf112/print110; pdf35/print33; pdf36/print34,Phase 2 and 3 research cluster AFS; see Raw data tab source_id,IFRS 17; Insurance SA incl Insurance HO and share of associates (partnerships); FY2024 comparatives on this basis differ from FY2024 and FY2025 booklets. PDF page = printed page + 2
AFS:S06,AFS,Absa Group Limited,Results booklet for the period ended 30 June 2024 (single page),1H2024,https://www.absa.africa/wp-content/uploads/2024/08/Results-booklet-for-the-period-ended-30-June-2024-single-page.pdf,2026-10-06,pdf114/print112; pdf38/print36; pdf39/print37; pdf91/print89; pdf95/print93; pdf98/print96,Phase 2 and 3 research cluster AFS; see Raw data tab source_id,IFRS 17; Insurance SA = Life + Non-Life. PDF page = printed page + 2
AFS:S07,AFS,Absa Group Limited,Annual consolidated and separate financial statements for the reporting period ended 31 December 2025,FY2025,https://www.absa.africa/wp-content/uploads/2026/03/Absa-Group-Annual-Consolidated-and-Separate-Financial-Statements-single-page.pdf,2026-10-06,pdf119/print117; pdf123/print121; pdf242/print240; pdf84/print82; pdf85/print83; pdf86/print84; pdf87/print85; pdf88/print86; pdf89/print87; pdf90-96/print88-94; pdf91-95/print89-93,Phase 2 and 3 research cluster AFS; see Raw data tab source_id,"IFRS 17 note 8 (insurance and reinsurance contracts), note 27 insurance revenue, note 33 operating expenses, note 45.4 subsidiaries, note 57.7.12 solvency. Group level (SA + Africa Regions). PDF page = printed page + 2"
AFS:S08,AFS,Absa Group Limited,Annual consolidated and separate financial statements for the year ended 31 December 2024,FY2024,https://www.absa.africa/wp-content/uploads/2025/03/Absa-Group-Annual-Consolidated-and-Separate-Financial-Statements-single-page.pdf,2026-10-06,pdf118/print116; pdf24/print22; pdf243/print241; pdf84/print82; pdf86/print84; pdf87/print85; pdf89/print87; pdf90-97/print88-95,Phase 2 and 3 research cluster AFS; see Raw data tab source_id,"IFRS 17 note 8, note 28 insurance revenue, solvency note. Used for FY2023 comparatives. PDF page = printed page + 2"
AFS:S09,AFS,Absa Group Limited,Annual consolidated and separate financial statements for the reporting period ended 31 December 2023,FY2023,https://www.absa.africa/wp-content/uploads/2024/04/Absa-Group-Annual-Consolidated-and-Separate-Financial-Statements-single-page.pdf,2026-10-06,pdf102/print100; pdf206/print204,Phase 2 and 3 research cluster AFS; see Raw data tab source_id,IFRS 17 first adoption; opex note and solvency note used
AFS:S10,AFS,Absa Bank Limited,Annual consolidated and separate financial statements for the reporting period ended 31 December 2025,FY2025,https://www.absa.africa/wp-content/uploads/2026/03/Absa-Bank-Limited-Annual-Consolidated-and-Separate-Financial-Statements-single-page.pdf,2026-10-06,pdf103/print101; pdf120-125/print118-123; pdf122/print120,Phase 2 and 3 research cluster AFS; see Raw data tab source_id,Note 25 net fee and commission income; note 41.3 fellow subsidiaries (AFS entities not separately identified); note 42.4 disaggregation. PDF page = printed page + 2
AFS:S11,AFS,Absa Bank Limited,Annual consolidated and separate financial statements for the year ended 31 December 2024,FY2024,https://www.absa.africa/wp-content/uploads/2025/03/Absa-Bank-Limited-Annual-Consolidated-and-Separate-Financial-Statements-single-page.pdf,2026-10-06,pdf112/print110; pdf93/print91,Phase 2 and 3 research cluster AFS; see Raw data tab source_id,Fee note and related party note 41.3
AFS:S12,AFS,Absa Bank Limited,Annual consolidated and separate financial statements for the reporting period ended 31 December 2023,FY2023,https://www.absa.africa/wp-content/uploads/2024/04/Absa-Bank-Annual-Consolidated-and-Separate-Financial-Statements-single-page.pdf,2026-10-06,pdf79/print77; pdf95/print93,Phase 2 and 3 research cluster AFS; see Raw data tab source_id,Fee note and related party note
AFS:S13,AFS,KPMG South Africa,"The South African Insurance Industry Survey 2025 (entity tables, FY2024 with FY2023 restated)",FY2024,https://kpmg.com/content/dam/kpmgsites/za/pdf/2025/Insurance%20Survey%202025%20Final_.pdf,2026-10-06,n/a; pdf185/print184; pdf190/print189; pdf195/print194; pdf202/print201,Phase 2 and 3 research cluster AFS; see Raw data tab source_id,Entity-level company financial statements summarised by KPMG in R'000; IFRS 17; Absa Life Limited (life) and Absa Insurance Company Limited (non-life). Converted to Rm here. PDF page = printed page + 1
AFS:S14,AFS,KPMG South Africa,"The South African Insurance Industry Survey 2024 (entity tables, FY2023 with FY2022 restated)",FY2023,https://kpmg.com/content/dam/kpmgsites/za/pdf/2024/Insurance-Survey-2024-Final.pdf,2026-10-06,pdf224/print222; pdf226/print224; pdf242/print240; pdf246/print244,Phase 2 and 3 research cluster AFS; see Raw data tab source_id,Entity-level in R'000; IFRS 17. Absa Life FY2023 figures later restated in the 2025 survey. PDF page = printed page + 2
AFS:S15,AFS,Insurance Regulatory Authority (Kenya),"Insurance Industry Annual Report 2024 (scanned, Parliament of Kenya library copy)",FY2024,https://libraryir.parliament.go.ke/bitstreams/ff8504d6-971d-462c-8563-391e4fb02dfe/download,2026-10-06,n/a; pdf150-151; pdf150/print129; pdf151/print130; pdf153/print132; pdf173/print152; pdf174/print153,Phase 2 and 3 research cluster AFS; see Raw data tab source_id,"Appendix 1 and 2: IFRS 17 profit and loss per company (KES thousand); Appendix 4 and 19: statutory revenue-account basis (gross premium, commissions, management expenses). Figures read from page images. PDF page = printed page + 21"
AFS:S16,AFS,First Assurance Company Limited (Kenya),"Annual report and financial statements for the year ended 31 December 2025 (audited, KPMG Kenya, 27 March 2026)",FY2025,https://firstassurance.co.ke/download/facl-audited-financial-statements-2025/?wpdmdl=9363,2026-10-06,pdf27/print25; pdf74/print72,Phase 2 and 3 research cluster AFS; see Raw data tab source_id,"IFRS 17; KES thousand; scanned PDF, figures read from page images. PDF page = printed page + 2"
AFS:S17,AFS,Absa Group Limited,Sustainability Data Sheets 2025,FY2025,https://www.absa.africa/wp-content/uploads/2026/04/Absa-Group-Limited-Sustainability-Data-Sheets.pdf,2026-10-06,pdf8/print8,Phase 2 and 3 research cluster AFS; see Raw data tab source_id,Group headcount by region; no business-unit split
AFS:S18,AFS,Financial Sector Conduct Authority (South Africa),"FSP register search (legacy search page www2.fsca.co.za/Fais/Search_FSP.htm, results from /MagicScripts/mgrqispi.dll)",2026-10-06,https://www2.fsca.co.za/Fais/Search_FSP.htm,2026-10-06,n/a,Phase 2 and 3 research cluster AFS; see Raw data tab source_id,Register shows status and financial year end; representative and key individual counts not populated in the results list
AFS:S19,AFS,Absa Group Limited,Integrated Report 2025,FY2025,https://www.absa.africa/wp-content/uploads/2026/04/Absa-Group-Limited-Integrated-Report.pdf,2026-10-06,n/a,Phase 2 and 3 research cluster AFS; see Raw data tab source_id,Headcount cross-check; no insurance operational counts
LB:S01,LB,Standard Bank Group,"SBG 2024 Annual Results Booklet (double page spreads), analysis of financial results for the year ended 31 December 2024",FY2024,https://www.standardbank.com/static_file/Investor%20Relations/Documents/Financial-results/Annual-Results/SBG_2024_Annual-Results-Booklet-(double-page-spreads).pdf,2026-10-06,"PDF p17 (printed 31-32), PDF p28-29 (printed 53-55)",Phase 2 and 3 research cluster LB; see Raw data tab source_id,IFRS; IAM business unit view. Net income from IAM activities is net of insurance service expenses and policyholder movements. PDF is double-page spreads so one PDF page = two printed pages.
LB:S02,LB,Standard Bank Group,Standard Bank Group Annual Financial Statements for the year ended 31 December 2025,FY2025,https://www.standardbank.com/static_file/Investor%20Relations/Documents/Financial-results/Annual-Results/SBG-2025-Annual-Financial-Statements.pdf,2026-10-06,"PDF p21 (income statement), PDF p109-111 (printed 135-137, notes 30-32), PDF p130 (printed 156-157, note 48.3)",Phase 2 and 3 research cluster LB; see Raw data tab source_id,"IFRS 17 group level (Liberty, Standard Insurance Ltd, Africa Regions insurers consolidated). Segment note 48.3 gives IAM column with 2024 restated."
LB:S03,LB,Standard Bank Group,Standard Bank Group Annual Financial Statements for the year ended 31 December 2024,FY2024,https://www.standardbank.com/static_file/Investor%20Relations/Documents/Financial-results/Annual-Results/SBG_2024_Annual-Financial-Statements.pdf,2026-10-06,"PDF p112-113 (printed 140-141, notes 30-31)",Phase 2 and 3 research cluster LB; see Raw data tab source_id,IFRS 17; 2023 comparatives restated (see AFS p71).
LB:S04,LB,Standard Bank Group,"Standard Bank Group 2025 Annual Results Presentation, 12 March 2026",FY2025,https://www.standardbank.com/static_file/Investor%20Relations/Documents/Financial-results/Annual-Results/SBG_2025_Annual_Results_Presentation.pdf,2026-10-06,"slides 32, 55, 60",Phase 2 and 3 research cluster LB; see Raw data tab source_id,Management presentation; IAM headline earnings per operation. Note slight differences to the FY25 column later published in the 1H26 booklet (restated).
LB:S05,LB,Standard Bank Group,"SBG 2026 Interim Results Booklet, analysis of interim financial results for the six months ended 30 June 2026",1H2026,https://www.standardbank.com/file_source/Investor%20Relations/Documents/Financial-results/Interim-Results/SBG-2026-Interim-Results-Booklet.pdf,2026-10-06,"PDF p3, p17-18, p29-31 (printed 56-60)",Phase 2 and 3 research cluster LB; see Raw data tab source_id,IFRS; IAM business unit view with 1H25 and FY25 comparatives; AUM comparatives restated for data enhancements.
LB:S06,LB,Liberty Group Limited,Liberty Group Limited annual financial statements for the year ended 31 December 2025,FY2025,https://www.libertyholdings.co.za/Documents/Reports/31122025-liberty-group-limited-afs-2025.pdf,2026-10-06,"printed p28 (statement of profit or loss), p35-38 (segment note 1), p163-168 (notes 31-33), p175 (note 41), p180-188 (note 45)",Phase 2 and 3 research cluster LB; see Raw data tab source_id,"IFRS 17 consolidated group (Liberty Group Ltd and subsidiaries incl. Standard Insurance Ltd, STANLIB, Liberty Africa). libertyholdings.co.za blocks direct curl (Cloudflare); text obtained via the r.jina.ai reader proxy of the same URL, page numbers are the printed page numbers in the document. 2024 comparatives restated (note 51)."
LB:S07,LB,Liberty Group Limited,Liberty Group Limited annual financial statements for the year ended 31 December 2024,FY2024,https://www.libertyholdings.co.za/Documents/Reports/20250320-liberty-group-limited-afs-2024.pdf,2026-10-06,"printed p28 (statement of profit or loss), p165-166 (note 32), p174 (note 41), p160 (note 23 bancassurance preference shares)",Phase 2 and 3 research cluster LB; see Raw data tab source_id,IFRS 17 consolidated group; 2023 comparatives restated for change in reportable groups (note 52). Obtained via r.jina.ai reader proxy (site blocks curl).
LB:S08,LB,FirstRand Limited,FirstRand analysis of financial results for the year ended 30 June 2025 (single-page printable booklet),FY2025 (June),https://www.firstrand.co.za/media/investors/reports/fsr-analysis-of-financial-results-June-2025-single-page-printable-booklet.pdf,2026-10-06,"PDF p10, p18, p66-68 (printed 64-66), p116 (printed 114)",Phase 2 and 3 research cluster LB; see Raw data tab source_id,"Normalised results; IFRS 17 for insurance lines; insurance activities segmental disclosure is management view (PBT, GWP, APE, policy counts)."
LB:S09,LB,FirstRand Limited,FirstRand analysis of financial results for the six months ended 31 December 2025,1H FY2026 (Dec 2025),https://www.firstrand.co.za/media/investors/reports/fsr-analysis-of-financial-results-dec-2025.pdf,2026-10-06,"PDF p9, p67-69 (printed 65-67), p115 (printed 113)",Phase 2 and 3 research cluster LB; see Raw data tab source_id,Normalised; FY25 insurance PBT split restated for activity and cost allocation refinements.
LB:S10,LB,FirstRand Limited,FirstRand annual financial statements for the year ended 30 June 2025,FY2025 (June),https://www.firstrand.co.za/media/investors/reports/firstrand-annual-financial-statements-2025.pdf,2026-10-06,"PDF p71 (printed B71, note 2.2), PDF p216 (insurance risk)",Phase 2 and 3 research cluster LB; see Raw data tab source_id,IFRS 17 group level; life = FirstRand Life Assurance Ltd and broader Africa life; non-life = FirstRand Short Term Insurance Ltd.
LB:S11,LB,FirstRand Limited,FirstRand annual financial statements for the year ended 30 June 2024,FY2024 (June),https://www.firstrand.co.za/media/investors/reports/firstrand-annual-financial-statements-2024.pdf,2026-10-06,PDF p63 (note 2.2),Phase 2 and 3 research cluster LB; see Raw data tab source_id,IFRS 17 group level; gives FY2023 comparatives.
LB:S12,LB,Nedbank Group,Nedbank Group Annual Results 2025 booklet (year ended 31 December 2025),FY2025,https://group.nedbank.co.za/content/dam/group/pdf/20_financial-results/2025/annual-results/2025-annual-results-booklet-nedbank.pdf,2026-10-06,"PDF p43-44 (printed 41-42), PDF p79 (printed 77), PDF p104 (printed 102), PDF p82 (printed 80)",Phase 2 and 3 research cluster LB; see Raw data tab source_id,IFRS 17; Nedbank Insurance now reported inside Personal and Private Banking (PPB) after 2025 reorganisation; 2024 Insurance HE restated to the new perimeter (R1 305m vs R643m under the former Nedbank Wealth view).
LB:S13,LB,Nedbank Group,Nedbank Group Annual Results 2024 booklet (year ended 31 December 2024),FY2024,https://group.nedbank.co.za/content/dam/group/pdf/20_financial-results/2024/annual-results/2024-annual-results-booklet-nedbank.pdf,2026-10-06,"PDF p49-50, PDF p82 (printed 80), PDF p84 (printed 81-82)",Phase 2 and 3 research cluster LB; see Raw data tab source_id,IFRS 17; Nedbank Insurance within Nedbank Wealth cluster (old perimeter).
LB:S14,LB,Nedbank Group,Nedbank Group Interim Results 2026 booklet (six months ended 30 June 2026),1H2026,https://group.nedbank.co.za/content/dam/group/pdf/20_financial-results/2026/interim-results/2026-interim-results-booklet-double-page-nedbank.pdf,2026-10-06,"PDF p22, PDF p39",Phase 2 and 3 research cluster LB; see Raw data tab source_id,IFRS 17; Insurance within PPB.
LB:S15,LB,Nedbank Group,Nedbank Group audited consolidated and separate annual financial statements for the year ended 31 December 2025,FY2025,https://group.nedbank.co.za/content/dam/group/pdf/20_financial-results/2025/annual-results/2025-annual-financial-statements-nedbank.pdf,2026-10-06,"PDF p22 (income statement note B6.2), PDF p138-139 (printed 137-138, note D4.1)",Phase 2 and 3 research cluster LB; see Raw data tab source_id,"IFRS 17 group level (Nedgroup Life, Nedgroup Insurance, Nedgroup Structured Life, Africa)."
LB:S16,LB,Nedbank Group,Nedbank Group audited consolidated and separate annual financial statements for the year ended 31 December 2024,FY2024,https://group.nedbank.co.za/content/dam/group/pdf/20_financial-results/2024/annual-results/2024-annual-financial-statements-nedbank.pdf,2026-10-06,"PDF p134-135 (printed 133-134, note D4.1)",Phase 2 and 3 research cluster LB; see Raw data tab source_id,IFRS 17 group level; gives FY2023 comparatives.
LB:S17,LB,Capitec Bank Holdings Limited,Capitec Bank Holdings Limited integrated annual report for the year ended 28 February 2026 (JSE SENS copy CPIFY26.pdf),FY2026 (Feb),https://senspdf.jse.co.za/documents/2026/JSE/ISSE/CPI/CPIFY26.pdf,2026-10-06,"printed p8 (five years at a glance), p22-23 (insurance commentary), p162 (income statement), p302-303 (note 24), p306 (employee costs), p313-316 (note 32 segment information)",Phase 2 and 3 research cluster LB; see Raw data tab source_id,IFRS 17; Capitec Life Ltd plus run-off cell captives (Guardrisk/Centriq) consolidated in the Insurance segment. capitecbank.co.za and senspdf.jse.co.za block curl (Cloudflare JS challenge); text obtained through the r.jina.ai reader proxy of the JSE SENS URL (same document as the Capitec site copy). Page numbers are the printed page numbers.
LB:S18,LB,Capitec Bank Holdings Limited,Capitec Bank Holdings Limited unaudited financial results for the six months ended 31 August 2025 (JSE SENS copy CPIHY26.pdf),1H FY2026 (Aug 2025),https://senspdf.jse.co.za/documents/2025/JSE/ISSE/CPI/CPIHY26.pdf,2026-10-06,"printed p11-12 (insurance commentary), p19 (income statement), p37, p40 (note 6 segment information)",Phase 2 and 3 research cluster LB; see Raw data tab source_id,IFRS 17; obtained via r.jina.ai reader proxy (site blocks curl).
LB:S19,LB,KPMG South Africa,The South African Insurance Industry Survey 2025 (financial results of 2024),FY2024 / FY2023 restated,https://assets.kpmg.com/content/dam/kpmgsites/za/pdf/2025/Insurance%20Survey%202025%20Final_.pdf,2026-10-06,"PDF p186-187 (printed 185-186, life SOFP), PDF p191-192 (printed 190-191, life SOCI), PDF p199-200 (printed 198-199, non-life SOFP), PDF p206-207 (printed 205-206, non-life SOCI)",Phase 2 and 3 research cluster LB; see Raw data tab source_id,"Entity-level tables in R'000 compiled by KPMG from published statutory annual financial statements (IFRS 17). 'Comments' row states Company or Group basis: Liberty Group Limited = Group; Nedgroup Life, Nedgroup Insurance, Standard Insurance = Company. 'Administration, management and other expenses' are expenses outside insurance service expenses (non-attributable). No rows for FirstRand Life, FirstRand STI, Capitec Life, Absa Life appears but is out of scope."
LB:S20,LB,KPMG South Africa,The South African Insurance Industry Survey 2024 (financial results of 2023),FY2023 / FY2022 restated,https://assets.kpmg.com/content/dam/kpmgsites/za/pdf/2024/Insurance-Survey-2024-Final.pdf,2026-10-06,"PDF p224 (printed 222, life SOFP), PDF p226-227 (printed 224-225, life SOCI), PDF p243-244 (printed 241-242), PDF p248-251 (printed 246-249, non-life SOCI)",Phase 2 and 3 research cluster LB; see Raw data tab source_id,Same table definitions as 2025 survey; first year of IFRS 17 with 2022 restated. No FirstRand Life or Capitec Life rows.
LN:SLM-AFS25,LN,Sanlam Limited,"Sanlam Limited Annual Financial Statements 2025 (spreads PDF; page numbers are PDF spread pages, each holding two printed pages)",FY2025 (31 Dec 2025) with restated FY2024,https://www.sanlam.com/downloads/integrated-report-and-annual-financial-statements/2025/Sanlam-AFS-2025-spreads.pdf,2026-10-06,46;49;78;105,Phase 2 and 3 research cluster LN; see Raw data tab source_id,IFRS 17 group AFS; note 26 expenses by nature; note 1 segment information
LN:SLM-AFS24,LN,Sanlam Limited,Sanlam Limited Annual Financial Statements 2024 (spreads PDF),FY2024 with FY2023 comparatives,https://www.sanlam.com/downloads/integrated-report-and-annual-financial-statements/2024/Sanlam-AFS-2024-spreads.pdf,2026-10-06,42;97,Phase 2 and 3 research cluster LN; see Raw data tab source_id,IFRS 17; FY2024 figures later restated in 2025 AFS (note 40)
LN:SLM-RES25,LN,Sanlam Limited,Sanlam Annual Results 2025 booklet (singles),FY2025,https://www.sanlam.com/downloads/results-announcements/2025/2025-annual-results-singles.pdf,2026-10-06,0;55;126,Phase 2 and 3 research cluster LN; see Raw data tab source_id,Shareholders fund basis (NRFFS) plus IFRS supplementary; AUM supplementary note
LN:SLM-INT26,LN,Sanlam Limited,Sanlam Interim Results 2026 booklet (six months to 30 June 2026),H1 2026 with H1 2025,https://www.sanlam.com/downloads/results-announcements/2026/2026-interim-results-singles.pdf,2026-10-06,71;76,Phase 2 and 3 research cluster LN; see Raw data tab source_id,IFRS 17 condensed; unaudited
LN:SNT-AFS25,LN,Santam Limited,Santam Annual Financial Statements 2025,FY2025 with FY2024,https://www.santam.co.za/media/hnunto43/2025-financial-statements.pdf,2026-10-06,21;28;29;50;144,Phase 2 and 3 research cluster LN; see Raw data tab source_id,IFRS 17; note 4.2.1 PAA reconciliation; note 20.2 expenses by nature
LN:SNT-AFS24,LN,Santam Limited,Santam Annual Financial Statements 2024,FY2024 with FY2023,https://www.santam.co.za/media/lx3fcvg3/2024-financial-statements.pdf,2026-10-06,23,Phase 2 and 3 research cluster LN; see Raw data tab source_id,IFRS 17
LN:SNT-IAS25,LN,Santam Limited,Santam analyst presentation booklet December 2025,FY2025 with FY2024,https://www.santam.co.za/media/bjppzjm0/2025-december-ias-booklet.pdf,2026-10-06,25,Phase 2 and 3 research cluster LN; see Raw data tab source_id,"Management basis: conventional insurance net earned premium, claims, acquisition cost, management expenses as % of NEP"
LN:SNT-INT26,LN,Santam Limited,Santam interim report June 2026,H1 2026 with H1 2025,https://www.santam.co.za/media/hh4mvig3/2026-interim-financial-statements.pdf,2026-10-06,7;13,Phase 2 and 3 research cluster LN; see Raw data tab source_id,IFRS 17 condensed plus management ratios
LN:SNT-IR25,LN,Santam Limited,Santam Integrated Report 2025,FY2025,https://www.santam.co.za/media/stdoaic0/santam_ir_2025.pdf,2026-10-06,9;11;15,Phase 2 and 3 research cluster LN; see Raw data tab source_id,Non-financial KPIs
LN:SNT-IR24,LN,Santam Limited,Santam Integrated Report 2024,FY2024,https://www.santam.co.za/media/5j2lzpn1/santam_ir_2024.pdf,2026-10-06,10;31,Phase 2 and 3 research cluster LN; see Raw data tab source_id,Non-financial KPIs and headline ratios
LN:SNT-IR23,LN,Santam Limited,Santam Integrated Report 2023,FY2023,https://www.santam.co.za/media/pg5mlwlg/santam_ir_2023.pdf,2026-10-06,10;28,Phase 2 and 3 research cluster LN; see Raw data tab source_id,Non-financial KPIs and headline ratios
LN:OMU-AFS25,LN,Old Mutual Limited,Old Mutual Limited Annual Financial Statements for the year ended 31 December 2025,FY2025 with FY2024,https://www.oldmutual.com/om-docs/blt9858a1286d528fe5/Old_Mutual_Limited_Annual_Financial_Statements_for_the_year_ended_31_December_2025.pdf,2026-10-06,20;36;37;54;55,Phase 2 and 3 research cluster LN; see Raw data tab source_id,IFRS 17; note D7 operating and administrative expenses; note B2 segmental income statement
LN:OMU-RES25,LN,Old Mutual Limited,Old Mutual Group Annual Results booklet FY2025,FY2025 with FY2024,https://www.oldmutual.com/om-docs/blt78d3fbb18a103606/2025_Annual_Results_booklet.pdf,2026-10-06,3;5;27;39;52;56;58;62;71,Phase 2 and 3 research cluster LN; see Raw data tab source_id,Results from operations (RFO) management basis; cluster KPIs
LN:OMU-RES24,LN,Old Mutual Limited,Old Mutual Group Annual Results booklet FY2024,FY2024 with FY2023,https://www.oldmutual.com/om-docs/blt734312073da1d4aa/2024_Annual_Results_booklet_Double.pdf,2026-10-06,46;53;54,Phase 2 and 3 research cluster LN; see Raw data tab source_id,IFRS 17 summarised statements; segmental income statement by cluster (old cluster structure)
LN:OMU-INT26,LN,Old Mutual Limited,Old Mutual Interim Results booklet six months ended 30 June 2026,H1 2026 with H1 2025,https://www.oldmutual.com/om-docs/blt81c78ddfb3a5b8da/2026_Interim_Results_Booklet_Double.pdf,2026-10-06,20;30;50;57,Phase 2 and 3 research cluster LN; see Raw data tab source_id,IFRS 17 condensed; unaudited
LN:MTM-AFS26,LN,Momentum Group Limited,"Momentum Group Annual Financial Statements, audited results for the year ended 30 June 2026 (obtained via ShareData glossies archive because momentumgroupltd.co.za and senspdf.jse.co.za are Cloudflare-blocked from this environment)",FY2026 with restated FY2025,https://www.sharedata.co.za/v2/Scripts/Glossies.aspx?c=MTM,2026-10-06,40;51;53;64;168;172;173;294,Phase 2 and 3 research cluster LN; see Raw data tab source_id,IFRS 17; note 3 segmental report; note 20 ISE; note 25 expenses by nature; note 3.7.4 other operating expenses by segment
LN:MTM-IR26,LN,Momentum Group Limited,Momentum Group Integrated Report 2026 (via ShareData glossies),FY2026 with FY2025,https://www.sharedata.co.za/v2/Scripts/Glossies.aspx?c=MTM,2026-10-06,34;56;57;88,Phase 2 and 3 research cluster LN; see Raw data tab source_id,Non-financial KPIs; Momentum Insure management ratios
LN:MTM-IR25,LN,Momentum Group Limited,Momentum Group Integrated Report 2025 (via ShareData glossies),FY2025 with FY2024,https://www.sharedata.co.za/v2/Scripts/Glossies.aspx?c=MTM,2026-10-06,29,Phase 2 and 3 research cluster LN; see Raw data tab source_id,Non-financial KPIs
LN:MTM-SENS-FY25,LN,Momentum Group Limited,Momentum Group SENS: audited results for the year ended 30 June 2025 (text via ShareData),FY2025 with FY2024,https://www.sharedata.co.za/v2/Scripts/SENS.aspx?id=525332,2026-10-06,0,Phase 2 and 3 research cluster LN; see Raw data tab source_id,Normalised headline earnings (NHE) management basis
LN:MTM-SENS-1H26,LN,Momentum Group Limited,Momentum Group SENS: unaudited interim results six months ended 31 December 2025 (text via ShareData),H1 FY2026 with H1 FY2025,https://www.sharedata.co.za/v2/Scripts/SENS.aspx?id=542427,2026-10-06,0,Phase 2 and 3 research cluster LN; see Raw data tab source_id,NHE management basis; IFRS line items not in SENS text
LN:DSY-AFS26,LN,Discovery Limited,Discovery Annual Financial Statements for the year ended 30 June 2026,FY2026 with FY2025,https://www.discovery.co.za/assets/discoverycoza/corporate/investor-relations/2026/fy2026-annual-financial-statements.pdf,2026-10-06,12;17;18;19;106,Phase 2 and 3 research cluster LN; see Raw data tab source_id,IFRS 17; note 1.1 segment information; note 5.11 expenses
LN:DSY-AFS25,LN,Discovery Limited,Discovery Annual Financial Statements for the year ended 30 June 2025,FY2025 with restated FY2024,https://www.discovery.co.za/wcm/discoverycoza/assets/investor-relations/2025/discovery-annual-financial-statements.pdf,2026-10-06,12;18,Phase 2 and 3 research cluster LN; see Raw data tab source_id,IFRS 17
LN:DSY-AFS24,LN,Discovery Limited,Discovery Annual Financial Statements for the year ended 30 June 2024,FY2024 with FY2023,https://www.discovery.co.za/assets/discoverycoza/corporate/investor-relations/2024/discovery-annual-financial-statements.pdf,2026-10-06,11,Phase 2 and 3 research cluster LN; see Raw data tab source_id,IFRS 17 (first full year)
LN:DSY-RES26,LN,Discovery Limited,Discovery audited annual financial results booklet FY2026,FY2026 with FY2025,https://www.discovery.co.za/assets/discoverycoza/corporate/investor-relations/2026/annual-results.pdf,2026-10-06,0;8;30,Phase 2 and 3 research cluster LN; see Raw data tab source_id,Normalised profit from operations (management basis)
LN:DSY-INT26,LN,Discovery Limited,Discovery interim results booklet six months ended 31 December 2025,H1 FY2026 with H1 FY2025,https://www.discovery.co.za/assets/discoverycoza/corporate/investor-relations/2026/results-booklet.pdf,2026-10-06,13,Phase 2 and 3 research cluster LN; see Raw data tab source_id,IFRS 17 condensed
LN:DSY-IAR25,LN,Discovery Limited,Discovery Integrated Annual Report 2025,FY2025,https://www.discovery.co.za/wcm/discoverycoza/assets/investor-relations/2025/discovery-integrated-annual-report.pdf,2026-10-06,8;10;13,Phase 2 and 3 research cluster LN; see Raw data tab source_id,Headcount
LN:OUT-AFS26,LN,OUTsurance Group Limited,OUTsurance Group Limited consolidated annual financial statements for the year ended 30 June 2026,FY2026 with FY2025,https://group.outsurance.co.za/globalassets/documents/investor-relations/reports-and-results/2026/ogl-annual-financial-statements-2026.pdf,2026-10-06,19;60;61;62;63;64;65;71,Phase 2 and 3 research cluster LN; see Raw data tab source_id,IFRS 17; note 4 segment information with ratio definitions; note 9 operating expenses
LN:OUT-AFS25,LN,OUTsurance Group Limited,OUTsurance Group Limited consolidated annual financial statements for the year ended 30 June 2025,FY2025 with FY2024,https://group.outsurance.co.za/globalassets/documents/investor-relations/reports-and-results/2025/ogl-annual-financial-statements-2025.pdf,2026-10-06,58;70;81,Phase 2 and 3 research cluster LN; see Raw data tab source_id,IFRS 17
LN:OUT-AFS24,LN,OUTsurance Group Limited,OUTsurance Group Limited consolidated annual financial statements for the year ended 30 June 2024,FY2024 with FY2023,https://group.outsurance.co.za/globalassets/documents/investor-relations/reports-and-results/2024/ogl_annual-financial-statements_2024.pdf,2026-10-06,59;60;61;63;64;81,Phase 2 and 3 research cluster LN; see Raw data tab source_id,IFRS 17
LN:OUT-INT26,LN,OUTsurance Group Limited,OUTsurance Group Limited unaudited interim results six months ended 31 December 2025,H1 FY2026 with H1 FY2025 and FY2025,https://group.outsurance.co.za/globalassets/documents/investor-relations/reports-and-results/2026/ogl-interim-results-circular-20262.pdf,2026-10-06,8,Phase 2 and 3 research cluster LN; see Raw data tab source_id,Normalised management ratios (P&C aggregate)
LN:OUT-IR26,LN,OUTsurance Group Limited,OUTsurance Group Integrated Report 2026,FY2026 with FY2025,https://group.outsurance.co.za/globalassets/documents/investor-relations/reports-and-results/2026/ogl-integrated-report-2026.pdf,2026-10-06,6;20,Phase 2 and 3 research cluster LN; see Raw data tab source_id,Non-financial KPIs
LN:OUT-IR25,LN,OUTsurance Group Limited,OUTsurance Group Integrated Report 2025,FY2025,https://companiesmarketcap.com/integrated-reports/99054.int.en.2025.pdf,2026-10-06,6,Phase 2 and 3 research cluster LN; see Raw data tab source_id,Non-financial KPIs (mirror of group.outsurance.co.za 2025 integrated report)
LN:HOL-HH23,LN,Hollard Holdings Proprietary Limited,Hollard Holdings Proprietary Limited consolidated annual financial statements 30 June 2023 (latest published on hollard.co.za as at 6 Oct 2026),FY2023 with restated FY2022,https://www.hollard.co.za/binaries/content/assets/hollardcoza-headless/pages/about-hollard/company-overview/annual-reports/hollard-holdings-pty-ltd-consolidated-afs-2023.pdf,2026-10-06,11;47;57,Phase 2 and 3 research cluster LN; see Raw data tab source_id,"IFRS 4 (pre IFRS 17); figures in R thousand in source, converted to R million here"
LN:HOL-HIC23,LN,The Hollard Insurance Company Limited,The Hollard Insurance Company Limited annual financial statements 30 June 2023,FY2023 with FY2022,https://www.hollard.co.za/binaries/content/assets/hollardcoza-headless/pages/about-hollard/company-overview/annual-reports/the-hollard-insurance-company-2023-afs.pdf,2026-10-06,3;13;81;85,Phase 2 and 3 research cluster LN; see Raw data tab source_id,IFRS 4; combined operating ratio defined at company level
LN:HOL-HLAC23,LN,Hollard Life Assurance Company Limited,Hollard Life Assurance Company Limited annual financial statements 30 June 2023,FY2023 with restated FY2022,https://www.hollard.co.za/binaries/content/assets/hollardcoza-headless/pages/about-hollard/company-overview/annual-reports/hollard-life-assurance-company-2023-afs.pdf,2026-10-06,0;3;14;88,Phase 2 and 3 research cluster LN; see Raw data tab source_id,IFRS 4
LN:KPMG25,LN,KPMG South Africa,The South African Insurance Industry Survey 2025 (full PDF),Entity tables: FY2024 with FY2023 restated (Dec-24 or Jun-24 year ends),https://kpmg.com/content/dam/kpmgsites/za/pdf/2025/Insurance%20Survey%202025%20Final_.pdf.coredownload.inline.pdf,2026-10-06,0;191;192;193;204;205;206,Phase 2 and 3 research cluster LN; see Raw data tab source_id,"Entity-level tables in R thousand from audited AFS (IFRS 17); row labels: Insurance revenue; Insurance service expenses; Net expenses from reinsurance contracts; Insurance service result; Net finance income/(expense) from insurance contracts; from reinsurance contracts; Net insurance result; Total net investment income; Other unallocated income; Administration, management and other expenses; Profit before tax; Taxation; Profit after tax; ratios ISE/insurance revenue. 'Comments' row states whether Company or Group level. Converted to R million here."
EU:S01,EU,Credit Agricole Assurances SA,2025 Universal Registration Document (annual report incl. IFRS consolidated financial statements FY2025),FY2025,https://www.ca-assurances.com/wp-content/uploads/CAA-2025-Universal-Registration-Document.pdf,2026-10-06,"11,12,33,215,244,247,370,374",Phase 2 and 3 research cluster EU; see Raw data tab source_id,IFRS 17/9 consolidated; premium income on p11 is non-GAAP gross written premiums
EU:S02,EU,Credit Agricole Assurances SA,2024 Universal Registration Document,FY2024,https://www.ca-assurances.com/wp-content/uploads/CAA-2024-Universal-Registration-Document.pdf,2026-10-06,"11,12,215,342",Phase 2 and 3 research cluster EU; see Raw data tab source_id,IFRS 17/9; used for FY2023 comparatives
EU:S03,EU,Credit Agricole Assurances SA,Group Solvency and Financial Condition Report 2025 (English),FY2025,https://www.ca-assurances.com/wp-content/uploads/Credit-Agricole-Assurances-Group-–-SFCR-2025-1.pdf,2026-10-06,"12,13,14,66,67,68",Phase 2 and 3 research cluster EU; see Raw data tab source_id,Solvency II prudential scope; QRT S.05.01.02 in kEUR
EU:S04,EU,Credit Agricole Assurances SA,Group Solvency and Financial Condition Report 2024 (English),FY2024,https://www.ca-assurances.com/wp-content/uploads/Credit-Agricole-Assurances-Group-SFCR-2024.pdf,2026-10-06,"12,13,14,81,82,83",Phase 2 and 3 research cluster EU; see Raw data tab source_id,Solvency II; QRT S.05.01.02 in kEUR
EU:S05,EU,Credit Agricole Assurances SA,"Rapport sur la solvabilite et la situation financiere 2023 (SFCR 2023, French, AMF/DILA open data copy)",FY2023,https://echanges.dila.gouv.fr/OPENDATA/AMF/110/2024/04/FC110533650_20240607.pdf,2026-10-06,"11,12,13,77,78,79",Phase 2 and 3 research cluster EU; see Raw data tab source_id,Solvency II; QRT S.05.01.02 in kEUR; French language
EU:S06,EU,Credit Agricole Assurances SA,Consolidated financial statements at 30 June 2026,H1 2026,https://www.ca-assurances.com/wp-content/uploads/CAA-Consolidated-financial-statements-at-30th-June-2026.pdf,2026-10-06,"9,27,28",Phase 2 and 3 research cluster EU; see Raw data tab source_id,IFRS 17/9 interim
EU:S07,EU,Credit Agricole Assurances SA,Press release H1 2026 results,H1 2026,https://www.ca-assurances.com/wp-content/uploads/Press-release-CAA-H1-2026-results.pdf,2026-10-06,"1,2,3,4",Phase 2 and 3 research cluster EU; see Raw data tab source_id,Non-GAAP premium income; P&C contract count
EU:S08,EU,Credit Agricole Assurances SA,Investor presentation September 2026 (H1 2026 figures),H1 2026,https://www.ca-assurances.com/wp-content/uploads/CAA-Investor-Presentation-September-2026-HY-26-figures.pdf,2026-10-06,"13,37",Phase 2 and 3 research cluster EU; see Raw data tab source_id,Management KPIs
EU:S10,EU,BNP Paribas Cardif,"Comptes consolides au 31 decembre 2025 (IFRS consolidated financial statements, French)",FY2025,https://www.bnpparibascardif.com/wp-content/uploads/sites/28/2026/05/Rapport-des-comptes-consolides-IFRS-Cardif-VCOM.pdf,2026-10-06,"7,136,161,162",Phase 2 and 3 research cluster EU; see Raw data tab source_id,IFRS 17/9; 2024 restated; includes asset management segment from 1 July 2025 (AXA IM)
EU:S11,EU,BNP Paribas Cardif,Consolidated financial statements 31 December 2024 (English),FY2024,https://www.bnpparibascardif.com/wp-content/uploads/sites/28/2025/06/Cardif-consolidated-Accounts-2024_vcom.pdf,2026-10-06,135,Phase 2 and 3 research cluster EU; see Raw data tab source_id,IFRS 17/9
EU:S12,EU,BNP Paribas Cardif,Consolidated financial statements 31 December 2023 (English),FY2023,https://www.bnpparibascardif.com/wp-content/uploads/sites/28/2025/03/Cardif-consolidated-Accounts-2023-vcom-EN_CAC_170624.pdf,2026-10-06,135,Phase 2 and 3 research cluster EU; see Raw data tab source_id,IFRS 17/9
EU:S13,EU,BNP Paribas Cardif,SFCR 2025 Groupe BNP Paribas Cardif (French),FY2025,https://www.bnpparibascardif.com/wp-content/uploads/sites/28/2026/04/BNP-Paribas-Cardif-–-SFCR-2025-2.pdf,2026-10-06,"15,16,17,18,19,20",Phase 2 and 3 research cluster EU; see Raw data tab source_id,Narrative uses IFRS consolidated figures; premiums are accounting premiums of fully consolidated entities
EU:S14,EU,BNP Paribas Cardif,SFCR 2025 Annexes (QRT) Groupe BNP Paribas Cardif,FY2025,https://www.bnpparibascardif.com/wp-content/uploads/sites/28/2026/04/BNP-Paribas-Cardif-–-Annexes-2025-4.pdf,2026-10-06,"4,5",Phase 2 and 3 research cluster EU; see Raw data tab source_id,Solvency II QRT S.05.01.02 in kEUR
EU:S15,EU,BNP Paribas Cardif,SFCR 2024 (English),FY2024,https://www.bnpparibascardif.com/wp-content/uploads/sites/28/2025/06/SFCR-2024-BNPPC-SFCR-2024-English-Version.pdf,2026-10-06,"12,13",Phase 2 and 3 research cluster EU; see Raw data tab source_id,IFRS summary in SFCR; GWP narrative
EU:S16,EU,BNP Paribas Cardif,SFCR 2024 Appendices (QRT),FY2024,https://www.bnpparibascardif.com/wp-content/uploads/sites/28/2025/05/BNP-Paribas-Cardif-Appendices-2024.pdf,2026-10-06,"4,5",Phase 2 and 3 research cluster EU; see Raw data tab source_id,Solvency II QRT S.05.01.02 in EUR
EU:S17,EU,BNP Paribas Cardif,SFCR 2023 (English),FY2023,https://www.bnpparibascardif.com/wp-content/uploads/sites/28/2025/03/BNP-Paribas-Cardif-SFCR-2023-VA.pdf,2026-10-06,"7,12,13,14",Phase 2 and 3 research cluster EU; see Raw data tab source_id,IFRS summary in SFCR
EU:S18,EU,BNP Paribas Cardif,SFCR 2023 Appendices (QRT),FY2023,https://www.bnpparibascardif.com/wp-content/uploads/sites/28/2025/03/BNP-Paribas-Cardif-Appendices-2023.pdf,2026-10-06,"6,7",Phase 2 and 3 research cluster EU; see Raw data tab source_id,"Solvency II QRT S.05.02 (by country, top 5 plus home) in EUR"
EU:S19,EU,BNP Paribas Cardif,Financial presentation BNP Paribas Cardif 2026 (FY2025 figures),FY2025,https://www.bnpparibascardif.com/wp-content/uploads/sites/28/2026/05/Financial-Presentation-BNP-Paribas-Cardif-2026-v2026.05.13-DEF1.pdf,2026-10-06,"7,11,12,13",Phase 2 and 3 research cluster EU; see Raw data tab source_id,Management KPIs; GWP includes equity-method share
EU:S20,EU,BNP Paribas Cardif,Financial presentation at 30 June 2026 (English),H1 2026,https://www.bnpparibascardif.com/wp-content/uploads/sites/28/2026/10/Presentation-Financiere-au-30-06-2026-en-anglais-1.pdf,2026-10-06,"4,7,11,12",Phase 2 and 3 research cluster EU; see Raw data tab source_id,Management KPIs
EU:S21,EU,BNP Paribas Cardif,Comptes consolides 1er semestre 2026,H1 2026,https://www.bnpparibascardif.com/wp-content/uploads/sites/28/2026/09/Comptes-Consolides-1er-semestre-2026-BNP-Paribas-Cardif.pdf,2026-10-06,15,Phase 2 and 3 research cluster EU; see Raw data tab source_id,IFRS 17/9 interim segment note
EU:S30,EU,VidaCaixa SAU de Seguros y Reaseguros,Cuentas Anuales Consolidadas 2025,FY2025,https://www.vidacaixa.es/documents/18549598/18689831/Cuentas+Anuales+Consolidadas+VidaCaixa+2025.pdf/bc63eb94-c332-4cb0-9c5f-38b5852a262c?t=1780927502069,2026-10-06,"12,13,158,159,164,172,181",Phase 2 and 3 research cluster EU; see Raw data tab source_id,IFRS 17/9 consolidated (EU-IFRS); figures in kEUR converted to EUR m
EU:S31,EU,VidaCaixa SAU de Seguros y Reaseguros,Cuentas Anuales Consolidadas 2024,FY2024,https://www.vidacaixa.es/documents/18549598/18689831/Cuentas+Anuales+Consolidadas+VidaCaixa+2024.pdf/1be8b9d7-9174-2e87-b3b6-4c7d169577b2?t=1754036973843,2026-10-06,"12,13,166,179,188",Phase 2 and 3 research cluster EU; see Raw data tab source_id,IFRS 17/9; used for FY2023 comparatives
EU:S32,EU,VidaCaixa SAU de Seguros y Reaseguros,Comptes Anuals Consolidats 2023 (Catalan),FY2023,https://www.vidacaixa.es/documents/18549598/18689843/Comptes+Anuals+Consolidats+2023+VidaCaixa.pdf/8c61c3a0-5018-89e2-1c58-d471654048d2?t=1728037971324,2026-10-06,"12,175,188,198",Phase 2 and 3 research cluster EU; see Raw data tab source_id,IFRS 17/9 first full year
EU:S33,EU,VidaCaixa SAU de Seguros y Reaseguros,Informe sobre la situacion financiera y de solvencia consolidado 2025,FY2025,https://www.vidacaixa.es/documents/18549598/67022671/Informe+de+situaci%C3%B3n+financiera+y+solvencia+a+nivel+consolidado+VidaCaixa+2025.pdf,2026-10-06,"21,22,23,97,98",Phase 2 and 3 research cluster EU; see Raw data tab source_id,Solvency II; premiums in kEUR
EU:S35,EU,VidaCaixa SAU de Seguros y Reaseguros,Informe sobre la situacion financiera y de solvencia consolidado 2023,FY2023,https://www.vidacaixa.es/documents/18549598/31190646/Informe+de+situaci%C3%B3n+financiera+y+solvencia+a+nivel+consolidado+VidaCaixa+2023.pdf,2026-10-06,"21,95,96",Phase 2 and 3 research cluster EU; see Raw data tab source_id,Solvency II; QRT S.05.01 in EUR
EU:S36,EU,CaixaBank SA,Financial results report (Informe financiero) 4Q 2025,FY2025,https://www.caixabank.com/deployedfiles/caixabank_com/Estaticos/PDFs/Accionistasinversores/Informacion_economico_financiera/IF_4T25_ENG.pdf,2026-10-06,"12,20,21,42",Phase 2 and 3 research cluster EU; see Raw data tab source_id,Bank management-criteria P&L; insurance service result and revenue by service
EU:S37,EU,CaixaBank SA,Financial results report 4Q 2024,FY2024,https://www.caixabank.com/deployedfiles/caixabank_com/Estaticos/PDFs/Accionistasinversores/Informacion_economico_financiera/IF_4T24_ENG.pdf,2026-10-06,"12,20,21",Phase 2 and 3 research cluster EU; see Raw data tab source_id,Bank management-criteria P&L
EU:S38,EU,CaixaBank SA,Financial results report 4Q 2023,FY2023,https://www.caixabank.com/deployedfiles/caixabank_com/Estaticos/PDFs/Accionistasinversores/Informacion_economico_financiera/IF4T23_ENG.pdf,2026-10-06,11,Phase 2 and 3 research cluster EU; see Raw data tab source_id,Bank management-criteria P&L
EU:S39,EU,CaixaBank SA,Financial results report 2Q 2026,H1 2026,https://www.caixabank.com/deployedfiles/caixabank_com/Estaticos/PDFs/Accionistasinversores/Informacion_economico_financiera/IF_2T26_ENG.pdf,2026-10-06,12,Phase 2 and 3 research cluster EU; see Raw data tab source_id,Bank management-criteria P&L
EU:S40,EU,Intesa Sanpaolo Assicurazioni SpA,Annual Report of the Intesa Sanpaolo Assicurazioni Group as at 31 December 2025 for the Unified Management (English),FY2025,https://www.intesasanpaoloassicurazioni.com/bin/openAssetInline?path=/content/dam/isp_assicurazioni/chi-siamo/documenti-chi-siamo/report-finanziari/Bilancio_Consolidato_DU_al_31122025_ENG.pdf,2026-10-06,"11,15,25,36,55,75,183",Phase 2 and 3 research cluster EU; see Raw data tab source_id,IFRS 17/9; income statement in kEUR converted to EUR m
EU:S41,EU,Intesa Sanpaolo Assicurazioni SpA,Annual Report of the Intesa Sanpaolo Assicurazioni Group as at 31 December 2024 for the Unified Management,FY2024,https://www.intesasanpaoloassicurazioni.com/bin/openAssetInline?path=/content/dam/isp_assicurazioni/chi-siamo/documenti-chi-siamo/report-finanziari/eng/Annual%20Report%20of%20the%20Intesa%20Sanpaolo%20Assicurazioni%20Group%20as%20at%2031%20December%202024%20for%20the%20Unified%20Management.pdf,2026-10-06,11,Phase 2 and 3 research cluster EU; see Raw data tab source_id,IFRS 17/9; 2023 comparatives restated
EU:S42,EU,Intesa Sanpaolo Vita SpA,Annual Report of the Intesa Sanpaolo Vita Insurance Group as at 31 December 2023 for the Unified Management,FY2023,https://www.intesasanpaoloassicurazioni.com/bin/openAssetInline?path=/content/dam/isp_assicurazioni/chi-siamo/documenti-chi-siamo/report-finanziari/eng/Annual%20Report%20of%20the%20Intesa%20Sanpaolo%20Vita%20Insurance%20Group%20as%20at%2031%20December%202023%20for%20the%20Unified%20Management.pdf,2026-10-06,"11,16,79",Phase 2 and 3 research cluster EU; see Raw data tab source_id,IFRS 17/9 first year
EU:S43,EU,Intesa Sanpaolo Assicurazioni SpA,SFCR Gruppo Intesa Sanpaolo Assicurazioni 2025 (English),FY2025,https://www.intesasanpaoloassicurazioni.com/bin/openAssetInline?path=/content/dam/isp_assicurazioni/chi-siamo/documenti-chi-siamo/solvency-ii-en/SFCR%20Gruppo%20ISPA%202025_ENG.pdf,2026-10-06,"27,28,29,30",Phase 2 and 3 research cluster EU; see Raw data tab source_id,Solvency II; QRT S.05.01.02 summaries in kEUR
EU:S45,EU,Intesa Sanpaolo Vita SpA,SFCR Gruppo Intesa Sanpaolo Vita 2023 (English),FY2023,https://www.intesasanpaoloassicurazioni.com/bin/openAssetInline?path=/content/dam/isp_assicurazioni/chi-siamo/documenti-chi-siamo/solvency-ii-en/SFCR%20Gruppo%20ISV%20Eng%202023_new_version.pdf,2026-10-06,"31,243",Phase 2 and 3 research cluster EU; see Raw data tab source_id,Solvency II QRT
EU:S46,EU,Intesa Sanpaolo Assicurazioni SpA,Consolidated half-yearly report at 30 June 2026 for the Unified Management,H1 2026,https://www.intesasanpaoloassicurazioni.com/bin/openAssetInline?path=/content/dam/isp_assicurazioni/chi-siamo/documenti-chi-siamo/report-finanziari/eng/Relazione-Semestrale-Consolidata-per-DU-al-30giugno2026-ENG.pdf,2026-10-06,"10,14",Phase 2 and 3 research cluster EU; see Raw data tab source_id,IFRS 17/9 interim
EU:S47,EU,Intesa Sanpaolo SpA,2025 Annual Report (group),FY2025,https://group.intesasanpaolo.com/content/dam/portalgroup/repository-documenti/investor-relations/bilanci-relazioni-en/2025/2025_Annual_Report.pdf,2026-10-06,"83,138",Phase 2 and 3 research cluster EU; see Raw data tab source_id,Bank reclassified segment P&L for Insurance Division
EU:S48,EU,Intesa Sanpaolo SpA,2024 Annual Report (group),FY2024,https://group.intesasanpaolo.com/content/dam/portalgroup/repository-documenti/investor-relations/bilanci-relazioni-en/2024/2024_Annual_report.pdf,2026-10-06,133,Phase 2 and 3 research cluster EU; see Raw data tab source_id,Bank reclassified segment P&L for Insurance Division
EU:S50,EU,KBC Group NV,Annual Report KBC Group 2025,FY2025,https://wcmassets.kbc.be/content/dam/kbccom/doc/investor-relations/Results/jvs-2025/jvs-2025-gr-en.pdf,2026-10-06,"45,293,294",Phase 2 and 3 research cluster EU; see Raw data tab source_id,IFRS 17/9 group; insurance lines of the consolidated P&L
EU:S51,EU,KBC Group NV,Annual Report KBC Group 2024,FY2024,https://wcmassets.kbc.be/content/dam/kbccom/doc/investor-relations/Results/jvs-2024/jvs-2024-gr-en.pdf,2026-10-06,245,Phase 2 and 3 research cluster EU; see Raw data tab source_id,IFRS 17/9; used for FY2023 comparatives
EU:S52,EU,KBC Group NV,Annual Report KBC Group 2023,FY2023,https://wcmassets.kbc.be/content/dam/kbccom/doc/investor-relations/Results/jvs-2023/jvs-2023-grp-en.pdf,2026-10-06,3,Phase 2 and 3 research cluster EU; see Raw data tab source_id,IFRS 17/9
EU:S53,EU,KBC Insurance NV,"Solvency and Financial Condition Report 2025, KBC Insurance Group and NV",FY2025,https://wcmassets.kbc.be/content/dam/kbccom/doc/investor-relations/3-Reports/20260430-kbc-group-sfcr2-2025.pdf,2026-10-06,"8,14,45",Phase 2 and 3 research cluster EU; see Raw data tab source_id,Performance table is IFRS 17 basis for the KBC Insurance group; staff and GWP are Solvency II scope
EU:S54,EU,KBC Insurance NV,Solvency and Financial Condition Report 2024,FY2024,https://wcmassets.kbc.be/content/dam/kbccom/doc/investor-relations/3-Reports/20250430-kbc-group-sfcr-2024.pdf,2026-10-06,"7,16",Phase 2 and 3 research cluster EU; see Raw data tab source_id,IFRS 17 performance table
EU:S55,EU,KBC Insurance NV,Solvency and Financial Condition Report 2023,FY2023,https://wcmassets.kbc.be/content/dam/kbccom/doc/investor-relations/3-Reports/20250106-kbc-group-sfcr-2023.pdf,2026-10-06,"7,30",Phase 2 and 3 research cluster EU; see Raw data tab source_id,IFRS 17 performance table
EU:S56,EU,KBC Insurance NV,"Annex QRTs of KBC Insurance NV, SFCR 2025",FY2025,https://wcmassets.kbc.be/content/dam/kbccom/doc/investor-relations/3-Reports/20260430-kbci-mvbh-qrt-sfcr-2025.pdf,2026-10-06,"6,7",Phase 2 and 3 research cluster EU; see Raw data tab source_id,"Solvency II QRT S.04.05 and S.05.01 in kEUR, solo entity"
EU:S57,EU,KBC Group NV,KBC Group quarterly report 2Q 2026,H1 2026,https://wcmassets.kbc.be/content/dam/kbccom/doc/investor-relations/Results/2q2026/2q2026-quarterly-report-en.pdf,2026-10-06,5,Phase 2 and 3 research cluster EU; see Raw data tab source_id,IFRS 17/9 interim
EU:S60,EU,Lloyds Banking Group plc,"Annual Report and Accounts 2025 (ESEF filing, Markdown rendering of the FCA NSM filing served by reports.ticker.app)",FY2025,https://reports.ticker.app/549300PPXHEU2JF0AM85/2026-02-13/549300PPXHEU2JF0AM85-2025-12-31-T01_html.md,2026-10-06,Divisional results IP&I performance summary; segmental analysis table; consolidated income statement (md line numbers given in page field),Phase 2 and 3 research cluster EU; see Raw data tab source_id,IFRS 17/9; underlying basis for divisional figures
EU:S61,EU,Lloyds Banking Group plc,Annual Report and Accounts 2024 (ESEF filing via reports.ticker.app),FY2024,https://reports.ticker.app/549300PPXHEU2JF0AM85/2025-02-20/549300PPXHEU2JF0AM85-2024-12-31-T01_html.md,2026-10-06,Segmental analysis note (md lines 43026-43032),Phase 2 and 3 research cluster EU; see Raw data tab source_id,IFRS 17/9; used for FY2023 comparatives
EU:S63,EU,Lloyds Banking Group plc,"2026 Half-Year Results news release (SEC Form 6-K, 30 July 2026)",H1 2026,https://www.sec.gov/Archives/edgar/data/1160106/000165495426006988/a4589o.htm,2026-10-06,IP&I performance summary,Phase 2 and 3 research cluster EU; see Raw data tab source_id,IFRS 17/9 underlying basis
EU:S64,EU,Scottish Widows Limited,Annual Report and Accounts 2024 (FCA NSM filing copy via reports.ticker.app),FY2024,https://reports.ticker.app/549300ZT0RVWCG8T4L55/2025-03-27/NI-000116179.pdf,2026-10-06,"19,35,70,74",Phase 2 and 3 research cluster EU; see Raw data tab source_id,IFRS 17/9 consolidated (SWL group)
EU:S65,EU,Scottish Widows Limited,Annual Report and Accounts 2023 (FCA NSM filing copy via reports.ticker.app),FY2023,https://reports.ticker.app/549300ZT0RVWCG8T4L55/2024-04-02/NI-000093348.pdf,2026-10-06,36,Phase 2 and 3 research cluster EU; see Raw data tab source_id,IFRS 17/9
EU:S66,EU,Scottish Widows Limited,"Group accounts made up to 31 December 2025 (Companies House filing, scanned image PDF)",FY2025,https://find-and-update.company-information.service.gov.uk/company/03196171/filing-history/MzUxMzI0MDExNWFkaXF6a2N4/document?format=pdf&download=0,2026-10-06,"not parsed (image only, no OCR available)",Phase 2 and 3 research cluster EU; see Raw data tab source_id,IFRS 17/9
EU:S70,EU,Societe Generale SA,Notice of availability of the 2026 Universal Registration Document (AMF/DILA copy); the URD itself at societegenerale.com returned HTTP 403 (Incapsula) from this environment,FY2025,https://echanges.dila.gouv.fr/OPENDATA/AMF/MKW/2026/03/FCMKW130051_20260313.pdf,2026-10-06,1,Phase 2 and 3 research cluster EU; see Raw data tab source_id,Not usable for figures
EM:S01,EM,SBI Life Insurance Co Ltd,"Press release and investor presentation, quarter and year ended 31 March 2026 (revised corrigendum filing)",FY2026 (Apr-25 to Mar-26),https://nsearchives.nseindia.com/corporate/SBILIFE_22042026213921_SEPRREVISED22042026.pdf,2026-10-06,10; 11; 14; 18; 36; 40; 6; 9,Phase 2 and 3 research cluster EM; see Raw data tab source_id,IRDAI GAAP (Indian statutory); figures INR billion
EM:S02,EM,SBI Life Insurance Co Ltd,"Press release and investor presentation, quarter ended 30 June 2026 (Q1 FY27)",Q1 FY2027 (Apr-26 to Jun-26),https://nsearchives.nseindia.com/corporate/SBILIFE_24072026145845_SEPR24072026_signed.pdf,2026-10-06,2; 3; 4; 6,Phase 2 and 3 research cluster EM; see Raw data tab source_id,IRDAI GAAP; figures INR billion
EM:S03,EM,SBI Life Insurance Co Ltd,Integrated Annual Report FY2025-26 (NSE filing with AGM notice),FY2026,https://nsearchives.nseindia.com/corporate/SBILIFE_23072026215320_SENoticeAR23072026_signed.pdf,2026-10-06,108; 151; 18; 254; 65,Phase 2 and 3 research cluster EM; see Raw data tab source_id,IRDAI GAAP; financial statements in INR lakhs (1 lakh = 0.1 million); MD&A in INR billion
EM:S04,EM,SBI Life Insurance Co Ltd,Integrated Annual Report FY2024-25,FY2025,https://www.sbilife.co.in/documents/d/sbil/annual-report-fy-2024-2025,2026-10-06,133; 5; 55; 61; 96,Phase 2 and 3 research cluster EM; see Raw data tab source_id,IRDAI GAAP; financial statements in INR lakhs
EM:S05,EM,SBI Life Insurance Co Ltd,Integrated Annual Report FY2023-24 (NSE filing),FY2024,https://nsearchives.nseindia.com/annual_reports/AR_24795_SBILIFE_2023_2024_0308202415546.pdf,2026-10-06,122; 130; 142; 212; 278,Phase 2 and 3 research cluster EM; see Raw data tab source_id,IRDAI GAAP; financial statements in INR thousand
EM:S06,EM,BB Seguridade Participacoes SA,Management Discussion and Analysis 4Q25 (English),FY2025,https://www.bbseguridaderi.com.br/docs/bb-seguridade-2026-02-09-cPcJqnhJ.pdf,2026-10-06,12; 14; 19; 28; 31; 33; 35; 4; 56; 57; 63; 65; 67; 8,Phase 2 and 3 research cluster EM; see Raw data tab source_id,"Managerial figures on Susep/IFRS 4 basis, unaudited at holding level; chapter 3 gives audited IFRS 17 (CPC 50) figures; R$ thousand"
EM:S07,EM,BB Seguridade Participacoes SA,Management Discussion and Analysis 4Q24 (English),FY2024,https://www.bbseguridaderi.com.br/docs/bb-seguridade-2025-02-17-crdhfDJK.pdf,2026-10-06,11; 18; 21; 35; 45; 79; 80; 89,Phase 2 and 3 research cluster EM; see Raw data tab source_id,As S06
EM:S08,EM,BB Seguridade Participacoes SA,Management Discussion and Analysis 4Q23 (English),FY2023,https://www.bbseguridaderi.com.br/docs/bb-seguridade-2024-02-05-qbPQcBRD.pdf,2026-10-06,10; 24; 25; 45; 5,Phase 2 and 3 research cluster EM; see Raw data tab source_id,As S06
EM:S09,EM,BB Seguridade Participacoes SA,Management Discussion and Analysis 2Q26 (English),1H2026,https://www.bbseguridaderi.com.br/docs/bb-seguridade-2026-06-30-rdwdmFLG.pdf,2026-10-06,11; 13; 27; 28; 30; 32; 4; 5; 52; 53; 61,Phase 2 and 3 research cluster EM; see Raw data tab source_id,As S06
EM:S10,EM,BB Seguridade Participacoes SA,Annual Sustainability Report 2024,FY2024,https://api.mziq.com/mzfilemanager/v2/d/d4ee6df5-1dd8-4fb5-b518-e05397c304e4/c5220787-ac80-90b8-0142-740c75677492?origin=1,2026-10-06,45; 9,Phase 2 and 3 research cluster EM; see Raw data tab source_id,"GRI headcount tables, holding and BB Seguros group (holding, BB Seguros, BB Corretora); affiliates Brasilseg and Brasilprev not included"
EM:S11,EM,Itau Unibanco Holding SA,Management Discussion and Analysis and Complete Financial Statements 4Q25,FY2025,https://filemanager-cdn.mziq.com/published/42787847-4cf6-4461-94a5-40ed237dca33/a03fd48e-6ec1-4b6f-b198-cdfb0409b7d3_itau_unibanco_holding_s.a..pdf,2026-10-06,17; 20; 7; n/a,Phase 2 and 3 research cluster EM; see Raw data tab source_id,"Managerial income statement, Brazilian GAAP (BACEN/Susep rules for insurance subsidiaries); R$ million; no IFRS 17"
EM:S12,EM,Itau Unibanco Holding SA,Management Discussion and Analysis and Complete Financial Statements 4Q24,FY2024,https://api.mziq.com/mzfilemanager/v2/d/42787847-4cf6-4461-94a5-40ed237dca33/9cf6034f-99d9-0f7e-eec0-9a977e7baf38?origin=2,2026-10-06,18,Phase 2 and 3 research cluster EM; see Raw data tab source_id,"As S11; includes dedicated insurance, pension and premium bonds table"
EM:S13,EM,Itau Unibanco Holding SA,Management Discussion and Analysis and Complete Financial Statements 4Q23,FY2023,https://api.mziq.com/mzfilemanager/v2/d/42787847-4cf6-4461-94a5-40ed237dca33/83776a47-7795-a8ec-3e1e-11b7b48edac8?origin=2,2026-10-06,16; 18; 21; 7,Phase 2 and 3 research cluster EM; see Raw data tab source_id,As S12
EM:S14,EM,Itau Unibanco Holding SA,"Management Discussion and Analysis 2Q26 (Form 6-K exhibit, SEC EDGAR html)",1H2026,https://www.sec.gov/Archives/edgar/data/0001132597/000113259726000223/managementdiscussionanal.htm,2026-10-06,section Balance Sheet; section Managerial Income Statement and Commissions and Fees and Insurance,Phase 2 and 3 research cluster EM; see Raw data tab source_id,"As S11; html exhibit, page numbers not available (section named instead)"
EM:S15,EM,Banco Bradesco SA,Economic and Financial Analysis Report 4Q25 (English),FY2025,https://filemanager-cdn.mziq.com/published/80f2e993-0a30-421a-9470-a4d5c8ad5e9f/a5c11cdf-583b-4fca-b3a4-2eb68a9b3652_bradesco_4q25_economic_and_financial_analysis_report.pdf,2026-10-06,22; 23; 25; 26; 41,Phase 2 and 3 research cluster EM; see Raw data tab source_id,"Managerial Insurance Group statement, Brazilian GAAP (BACEN for bank, Susep/ANS for insurers); R$ million; no IFRS 17"
EM:S16,EM,Banco Bradesco SA,Relatorio de Analise Economica e Financeira 4T24 (Portuguese),FY2024,https://api.mziq.com/mzfilemanager/v2/d/80f2e993-0a30-421a-9470-a4d5c8ad5e9f/dc350110-f1fb-916f-8d03-7c20cb9c61a0?origin=1,2026-10-06,24,Phase 2 and 3 research cluster EM; see Raw data tab source_id,As S15; Portuguese edition
EM:S17,EM,Banco Bradesco SA,"Economic and Financial Analysis Report 4Q23 (English, Latibex copy of Bradesco filing)",FY2023,https://www.latibex.com/docs/Documentos/esp/hechosrelev/2024/Bradesco%204Q23%20-%20Economic%20and%20Financial%20Analysis%20Report.pdf,2026-10-06,24,Phase 2 and 3 research cluster EM; see Raw data tab source_id,As S15
EM:S18,EM,Banco Bradesco SA,Relatorio de Analise Economica e Financeira 2T26 (Portuguese),1H2026,https://api.mziq.com/mzfilemanager/v2/d/80f2e993-0a30-421a-9470-a4d5c8ad5e9f/b7c34f8d-92f6-7ba4-f408-d518a7211a7a?origin=2,2026-10-06,19; 37,Phase 2 and 3 research cluster EM; see Raw data tab source_id,As S15; Portuguese edition
EM:S19,EM,Malayan Banking Berhad,Annual Report 2025 Financial Statements,FY2025,https://www.maybank.com/iwov-resources/documents/pdf/annual-report/2025/maybank-ar2025-financial-statements.pdf,2026-10-06,146; 246; 247; 250; 251,Phase 2 and 3 research cluster EM; see Raw data tab source_id,"MFRS 17; RM thousand; Note 38, Note 60 segment, Note 62 insurance business"
EM:S20,EM,Malayan Banking Berhad,Annual Report 2024 Financial Statements,FY2024,https://www.maybank.com/iwov-resources/documents/pdf/annual-report/2024/Maybank-AR2024-Financial-Statements.pdf,2026-10-06,248,Phase 2 and 3 research cluster EM; see Raw data tab source_id,MFRS 17; RM thousand; 2023 comparatives restated versus S21
EM:S21,EM,Malayan Banking Berhad,Annual Report 2023 Financial Statements,FY2023,https://www.maybank.com/iwov-resources/documents/pdf/annual-report/2023/Maybank-AR2023-Financial-Statements.pdf,2026-10-06,150; 252,Phase 2 and 3 research cluster EM; see Raw data tab source_id,"MFRS 17 (first year of adoption, 2022 restated); RM thousand"
EM:S22,EM,Malayan Banking Berhad,Integrated Annual Report 2025,FY2025,https://www.maybank.com/iwov-resources/documents/pdf/annual-report/2025/maybank-ar2025-integrated-annual-report.pdf,2026-10-06,101; 115; 66,Phase 2 and 3 research cluster EM; see Raw data tab source_id,"Narrative KPIs: gross premiums, bancassurance premiums, segment PBT"
EM:S23,EM,Malayan Banking Berhad,Integrated Annual Report 2024,FY2024,https://www.maybank.com/iwov-resources/documents/pdf/annual-report/2024/Maybank-AR2024-Integrated-Annual-Report.pdf,2026-10-06,98; 99,Phase 2 and 3 research cluster EM; see Raw data tab source_id,As S22
EM:S24,EM,Malayan Banking Berhad,Integrated Annual Report 2023,FY2023,https://www.maybank.com/iwov-resources/documents/pdf/annual-report/2023/Maybank-AR2023-Integrated-Annual-Report.pdf,2026-10-06,100,Phase 2 and 3 research cluster EM; see Raw data tab source_id,As S22
EM:S25,EM,Maybank Ageas Holdings Berhad,Financial statements for the year ended 31 December 2025,FY2025,https://www.etiqa.com/?jet_download=9a661240282561504dead12737a94a404301963e,2026-10-06,256; 256-259; 259; 38-39; n/a,Phase 2 and 3 research cluster EM; see Raw data tab source_id,MFRS 17; RM thousand; Etiqa Malaysia and Singapore holding company; 2024 restated
EM:S26,EM,Maybank Ageas Holdings Berhad,"Unaudited interim condensed financial statements, six months ended 30 June 2026",1H2026,https://www.etiqa.com/?jet_download=9627f52dfaed2166b1e15bda369f84c66097ca14,2026-10-06,4-5,Phase 2 and 3 research cluster EM; see Raw data tab source_id,MFRS 17; RM thousand
EM:S27,EM,Etiqa General Insurance Berhad,Financial statements for the year ended 31 December 2025,FY2025,https://www.etiqa.com/?jet_download=0158aa9ad9cb924db1581dabbe77d789371963c5,2026-10-06,103; 103-105; 104; 32,Phase 2 and 3 research cluster EM; see Raw data tab source_id,MFRS 17; RM thousand
EM:S28,EM,Etiqa Life Insurance Berhad,Financial statements for the year ended 31 December 2025,FY2025,https://www.etiqa.com/?jet_download=0047527c62fecf3ac9f6665475722f4fef656fc1,2026-10-06,140-142; 141; 32,Phase 2 and 3 research cluster EM; see Raw data tab source_id,MFRS 17; RM thousand
EM:S29,EM,Etiqa Family Takaful Berhad,Financial statements for the year ended 31 December 2025,FY2025,https://www.etiqa.com/?jet_download=90bc5479e6b89c617408b6c19df642680abd547c,2026-10-06,150-152; 35,Phase 2 and 3 research cluster EM; see Raw data tab source_id,MFRS 17; RM thousand; company column (shareholder plus fund) used
EM:S30,EM,Etiqa General Takaful Berhad,Financial statements for the year ended 31 December 2025,FY2025,https://www.etiqa.com/?jet_download=0b0a8f9f950dc83a59b0540e090561f61e0e3d16,2026-10-06,115; 115-116; 39,Phase 2 and 3 research cluster EM; see Raw data tab source_id,MFRS 17; RM thousand; company column used
EM:S31,EM,Etiqa General Insurance Berhad,"Unaudited interim financial statements, six months ended 30 June 2026",1H2026,https://www.etiqa.com/?jet_download=abfb83cc12f5dd805994cee8d529da0823fe63b9,2026-10-06,4,Phase 2 and 3 research cluster EM; see Raw data tab source_id,MFRS 17; RM thousand
EM:S32,EM,Etiqa Life Insurance Berhad,"Unaudited interim financial statements, six months ended 30 June 2026",1H2026,https://www.etiqa.com/?jet_download=318cafc6f50ed6ba3e16866a8d1b21b7cf5f2994,2026-10-06,4,Phase 2 and 3 research cluster EM; see Raw data tab source_id,MFRS 17; RM thousand
EM:S33,EM,Etiqa Family Takaful Berhad,"Unaudited interim financial statements, six months ended 30 June 2026",1H2026,https://www.etiqa.com/?jet_download=5d3207d32f7e97a6359b419132392f8bf484b4f3,2026-10-06,4,Phase 2 and 3 research cluster EM; see Raw data tab source_id,MFRS 17; RM thousand; company column
EM:S34,EM,Etiqa General Takaful Berhad,"Unaudited interim financial statements, six months ended 30 June 2026",1H2026,https://www.etiqa.com/?jet_download=3770d0b5a6275f8f06971b8f5b908e54eed2ae9e,2026-10-06,4,Phase 2 and 3 research cluster EM; see Raw data tab source_id,MFRS 17; RM thousand; company column
EM:S35,EM,Malayan Banking Berhad (mirror copy hosted by malaysianwireless.com),"Investor presentation, financial results first half FY2026 (copy of Maybank analyst deck)",1H2026,https://www.malaysianwireless.com/wp-content/uploads/2026/08/Maybank-group-analyst-presentation-fy2026-2q.pdf,2026-10-06,35,Phase 2 and 3 research cluster EM; see Raw data tab source_id,"Mirror copy of the Maybank deck, primary host not retrievable in session; use with caution"
PR:S01,PR,Old Mutual Limited,"Reviewed preliminary annual results 2018, SENS announcement (11 Mar 2019)",FY2018,https://www.oldmutual.com/om-docs/blt94385d0dc50b6d06/oml-reviewed-preliminary-annual-results-2018---sens-announcement.pdf,2026-10-06,"3,7,8,20,41,65",Phase 2 and 3 research cluster PR; see Raw data tab source_id,IFRS 4; Results from Operations basis; managed operating and administrative cost base
PR:S02,PR,Old Mutual Limited,Interim results announcement H1 2018 (31 Aug 2018),H1 2018,https://www.oldmutual.com/om-docs/bltb6fbdebdc568bc50/2018-08-31-interim-results-announcement.pdf,2026-10-06,"3,20,26",Phase 2 and 3 research cluster PR; see Raw data tab source_id,IFRS 4
PR:S03,PR,Old Mutual Limited,2019 annual results presentation (Mar 2020),FY2019,https://www.oldmutual.com/om-docs/blt3300f15073d32a20/2019-annual-results-presentation.pdf,2026-10-06,"3,18,26",Phase 2 and 3 research cluster PR; see Raw data tab source_id,IFRS 4; managed operating and administrative expenses (underlying run-rate cost base)
PR:S04,PR,Old Mutual Limited,2019 annual results transcript,FY2019,https://www.oldmutual.com/om-docs/blt6752dc07acf4b8c7/old-mutual-annual-results-transcript.pdf,2026-10-06,"1,5",Phase 2 and 3 research cluster PR; see Raw data tab source_id,Management commentary
PR:S05,PR,Old Mutual plc,Old Mutual Ltd showcase presentation (1 Nov 2017),2017,https://www.oldmutual.com/om-docs/blt9aa483b2ff6e198f/2017-11-01-old-mutual-ltd-showcase-presentation.pdf,2026-10-06,"5,11,141",Phase 2 and 3 research cluster PR; see Raw data tab source_id,IFRS; plc head office wind-down; FY2016 income statement bridge
PR:S06,PR,Old Mutual Limited,Interim results booklet H1 2020,H1 2020,https://www.oldmutual.com/om-docs/bltac7d97c6c2edf76d/Interim_booklet_double_page.pdf,2026-10-06,"5,11,15",Phase 2 and 3 research cluster PR; see Raw data tab source_id,IFRS 4
PR:S07,PR,Old Mutual Limited,2022 annual results presentation (14 Mar 2023),FY2022,https://www.oldmutual.com/v3/assets/bltdd392fd32dda3ce8/blt95a03a0bc59399dc/67850383f0d6055e769a0171/2022_Annual_Results_Presentation.pdf,2026-10-06,"6,29",Phase 2 and 3 research cluster PR; see Raw data tab source_id,IFRS 4
PR:S08,PR,Old Mutual Limited,2022 annual results media release (14 Mar 2023),FY2022,https://www.oldmutual.com/v3/assets/bltdd392fd32dda3ce8/blt0df49b48e41a1d0d/6785037a7d46530e768be4fb/media_release.pdf,2026-10-06,2,Phase 2 and 3 research cluster PR; see Raw data tab source_id,IFRS 4
PR:S09,PR,Old Mutual Limited,2022 annual results transcript,FY2022,https://www.oldmutual.com/v3/assets/bltdd392fd32dda3ce8/blt6f52d9250e65e7c6/67850352336ad0ac3020b1c2/Transcript.pdf,2026-10-06,2,Phase 2 and 3 research cluster PR; see Raw data tab source_id,Management commentary
PR:S10,PR,MMI Holdings,"Audited group results for the year ended 30 June 2016, investor update",FY2016,https://wwpre.momentumgroupltd.co.za/remote-assets/s3/clt_mmh_s3/static-assets/documents/investor-relations/operating-update/2016/mmi-update-audited-group-results-for-the-year-ended-30-june-2016.pdf,2026-10-06,"2,8",Phase 2 and 3 research cluster PR; see Raw data tab source_id,IFRS 4; summarised consolidated income statement
PR:S11,PR,MMI Holdings,Media release: MMI Holdings announces year-end results to 30 June 2017 (6 Sep 2017),FY2017,https://momentumgroupltd.co.za/remote-assets/s3/clt_mmh_s3/static-assets/documents/media/2017/2017-09-06-MMI_Holdings_announces_year-end_results_to_30_June_2017.pdf,2026-10-06,4,Phase 2 and 3 research cluster PR; see Raw data tab source_id,IFRS 4
PR:S12,PR,Momentum Metropolitan Holdings,Financial results presentation FY2019 (Sep 2019),FY2019,https://momentumgroupltd.co.za/remote-assets/s3/clt_mmh_s3/static-assets/documents/presentations/2019/Momentum+Metropolitan+Financial+Results+Presentation.pdf,2026-10-06,"33,34",Phase 2 and 3 research cluster PR; see Raw data tab source_id,"IFRS 4; direct (controllable) expenses, before tax, relative to inflation at 6% p.a."
PR:S13,PR,Momentum Metropolitan Holdings,Interim results presentation 1H F2020 (Mar 2020),H1 FY2020,https://momentumgroupltd.co.za/remote-assets/s3/clt_mmh_s3/static-assets/documents/presentations/2020/Interim+Presentation.pdf,2026-10-06,"30,31,48",Phase 2 and 3 research cluster PR; see Raw data tab source_id,IFRS 4; direct expense analysis
PR:S14,PR,Momentum Metropolitan Holdings,"Investor conference deck: Capital management to shift gears (recap of Reset and Grow, c.2021)",FY2021,https://wwpre.momentumgroupltd.co.za/remote-assets/s3/clt_mmh_s3/static-assets/documents/investor-relations/investor-conference/capital-management-to-shift-gears.pdf,2026-10-06,"4,13",Phase 2 and 3 research cluster PR; see Raw data tab source_id,IFRS 4; after-tax savings relative to F2018
PR:S15,PR,Momentum Metropolitan Holdings,Results presentation F2023 (Sep 2023),FY2023,https://wwtst.momentumgroupltd.co.za/remote-assets/s3/clt_mmh_s3/docs/annual-res-23/results-presentation-f2023.pdf,2026-10-06,10,Phase 2 and 3 research cluster PR; see Raw data tab source_id,IFRS 17
PR:S16,PR,Momentum Group,Interim results presentation 1H F2025 (Mar 2025),H1 FY2025,https://wwtst.momentumgroupltd.co.za/remote-assets/s3/clt_mmh_s3/docs/interim-res-25/interim-results-presentation.pdf,2026-10-06,10,Phase 2 and 3 research cluster PR; see Raw data tab source_id,IFRS 17
PR:S17,PR,Aviva plc,"2015 preliminary results announcement, RNS part 1 of 5 (10 Mar 2016)",FY2015,https://www.investegate.co.uk/announcement/rns/aviva--av./final-results-part-1-of-5/4522723,2026-10-06,"Overview; Group CEO review; CFO review (HTML, no page numbers)",Phase 2 and 3 research cluster PR; see Raw data tab source_id,IFRS 4; integration and restructuring costs reported below operating profit
PR:S18,PR,Aviva plc,"Half Year Report 2015, RNS part 1 of 5 (6 Aug 2015)",H1 2015,https://www.investegate.co.uk/announcement/rns/aviva--av./half-yearly-report-part-1-of-5/4155890,2026-10-06,Overview; CFO review (HTML),Phase 2 and 3 research cluster PR; see Raw data tab source_id,IFRS 4
PR:S19,PR,Aviva plc,"2017 preliminary results announcement, RNS 0478H (8 Mar 2018)",FY2017,https://data.fca.org.uk/artefacts/NSM/data-migration/LSE20180308070002_13558968.html,2026-10-06,CFO review: capital and remittances (HTML),Phase 2 and 3 research cluster PR; see Raw data tab source_id,Solvency II operating capital generation
PR:S20,PR,Aviva plc,Investor update / Capital Markets Day 2019 RNS (20 Nov 2019),FY2019,https://www.investegate.co.uk/announcement/rns/aviva--av./aviva-plc-investor-update/5717220,2026-10-06,Cost reduction paragraph (HTML),Phase 2 and 3 research cluster PR; see Raw data tab source_id,"Controllable costs, net of inflation, constant currency"
PR:S21,PR,Aviva plc,"2021 results announcement, RNS 2979D (2 Mar 2022)",FY2021,https://data.fca.org.uk/artefacts/NSM/RNS/4288294.html,2026-10-06,Highlights; Group CEO review; CFO review: costs (HTML),Phase 2 and 3 research cluster PR; see Raw data tab source_id,Baseline controllable costs excl. cost reduction implementation and IFRS 17 costs; 2018 baseline
PR:S22,PR,Aviva plc,2022 results announcement web page (9 Mar 2023),FY2022,https://www.aviva.com/newsroom/news-releases/2023/03/FY2022-results-announcement/,2026-10-06,Highlights (HTML),Phase 2 and 3 research cluster PR; see Raw data tab source_id,Baseline controllable costs
PR:S23,PR,Zurich Insurance Group,"Media release: Zurich sets new financial targets (Investor Day, 17 Nov 2016)",FY2016,https://www.zurich.com/en/media/news-releases/2016/2016-1117-01,2026-10-06,Financial targets section (HTML),Phase 2 and 3 research cluster PR; see Raw data tab source_id,Net savings vs 2015 baseline; restructuring charges
PR:S24,PR,Zurich Insurance Group,Media release: Zurich exceeds all 2017-2019 targets (13 Feb 2020),FY2019,https://www.zurich.com/en/media/news-releases/2020/2020-0213-01,2026-10-06,Highlights (HTML),Phase 2 and 3 research cluster PR; see Raw data tab source_id,Net cost savings
PR:S25,PR,Manulife Financial Corporation,Form 6-K exhibit 99.1: Manulife Investor Day 2018 news release (27 Jun 2018),FY2018,https://www.sec.gov/Archives/edgar/data/0001086888/000108688818000069/exhibit99-1.htm,2026-10-06,News release (HTML; fetched via WebFetch),Phase 2 and 3 research cluster PR; see Raw data tab source_id,Canadian GAAP/IFRS; pre-tax general expenses; expense efficiency ratio definition
PR:S26,PR,Manulife Financial Corporation,Form 40-F exhibit 99.2: 2020 Management's Discussion and Analysis (10 Feb 2021),FY2020,https://www.sec.gov/Archives/edgar/data/1086888/000119312521036502/d848626dex992.htm,2026-10-06,MD&A highlights (HTML; fetched via WebFetch),Phase 2 and 3 research cluster PR; see Raw data tab source_id,IFRS; core general expenses
PR:S27,PR,"MetLife, Inc.",Form 8-K exhibit 99.1: Investor Day slide presentations (10 Nov 2016),FY2016,https://www.sec.gov/Archives/edgar/data/1099219/000119312516765107/d282827dex991.htm,2026-10-06,Slides 57-59 (HTML; fetched via WebFetch),Phase 2 and 3 research cluster PR; see Raw data tab source_id,US GAAP; pre-tax run-rate expense savings
PR:S28,PR,Phoenix Group Holdings,2018 full year results RNS 8542R (5 Mar 2019),FY2018,https://data.fca.org.uk/artefacts/NSM/data-migration/LSE20190305070022_13989855.html,2026-10-06,Highlights; CEO report: cost and capital synergies (HTML),Phase 2 and 3 research cluster PR; see Raw data tab source_id,IFRS; business as usual combined cost base 2018; Solvency II capital synergies
PR:S29,PR,Phoenix Group Holdings,2019 annual financial results RNS (9 Mar 2020),FY2019,https://www.investegate.co.uk/announcement/rns/standard-life-plc--sdlf/2019-annual-financial-results/5932638,2026-10-06,Highlights; CEO report (HTML),Phase 2 and 3 research cluster PR; see Raw data tab source_id,IFRS; Solvency II
PR:S30,PR,Phoenix Group Holdings,2020 full year results RNS 4087R (8 Mar 2021),FY2020,https://data.fca.org.uk/artefacts/NSM/RNS/3902414.html,2026-10-06,Highlights; Solvency II management actions; note H2.2 (HTML),Phase 2 and 3 research cluster PR; see Raw data tab source_id,IFRS; Solvency II
PR:S31,PR,Phoenix Group Holdings,2024 full year results RNS (17 Mar 2025),FY2024,https://data.fca.org.uk/artefacts/NSM/RNS/5576444.html,2026-10-06,Highlights (HTML),Phase 2 and 3 research cluster PR; see Raw data tab source_id,IFRS 17; run-rate cost savings
PR:S32,PR,Aegon N.V.,Press release: Capital Markets Day 2020 (10 Dec 2020),FY2020,https://wwwedit-aegon-com.aegon.com/sites/default/files/file/2023-05/pr-aegon-capital-markets-day-2020.pdf,2026-10-06,"1,2",Phase 2 and 3 research cluster PR; see Raw data tab source_id,IFRS; addressable expense base (2019); one-time investments booked as Other charges
PR:S33,PR,Aegon N.V.,4Q 2022 results presentation (Mar 2023),FY2022,https://www.aegon.com/sites/default/files/file/2023-03/aegon-4q-2022-presentation_0.pdf,2026-10-06,"8,11",Phase 2 and 3 research cluster PR; see Raw data tab source_id,"Addressable expense savings vs 2019, trailing four quarters, constant currency"
PR:S34,PR,Aegon Ltd.,Press release: Aegon reports second half year 2023 results (Feb 2024),2H 2023,https://wwwedit-aegon-com.aegon.com/system/files/file/2024-02/aegon-reports-2h-2023-pr.pdf,2026-10-06,"17,21,22",Phase 2 and 3 research cluster PR; see Raw data tab source_id,IFRS 17; addressable expenses
PR:S35,PR,AXA SA,"Press release: Focus and Transform, Ambition 2020 (21 Jun 2016), AMF copy",FY2016,https://echanges.dila.gouv.fr/OPENDATA/AMF/ECO/2016/06/FCECO040569_20160621.pdf,2026-10-06,1,Phase 2 and 3 research cluster PR; see Raw data tab source_id,IFRS; pre-tax cost savings
PR:S36,PR,AXA SA,"Press release: Investor Day Driving Progress 2023 (1 Dec 2020), AMF copy",FY2020,https://echanges.dila.gouv.fr/OPENDATA/AMF/ECO/2020/12/FCECO057124_20201201.pdf,2026-10-06,2,Phase 2 and 3 research cluster PR; see Raw data tab source_id,IFRS; absolute cost reduction vs 2019
PR:S37,PR,Assicurazioni Generali,Press release: Investor Day 2016 (23 Nov 2016),FY2016,https://emarketstorage.it/sites/default/files/comunicati/2022-05/20161123_23080.pdf,2026-10-06,"2,3",Phase 2 and 3 research cluster PR; see Raw data tab source_id,IFRS; net reduction of nominal operating costs in mature markets
PR:S38,PR,Assicurazioni Generali,"Press release: consolidated results FY2016 (16 Mar 2017, Italian)",FY2016,https://emarketstorage.it/sites/default/files/comunicati/2022-05/20170316_27172.pdf,2026-10-06,"2,8",Phase 2 and 3 research cluster PR; see Raw data tab source_id,IFRS
PR:S39,PR,Assicurazioni Generali,Press release: consolidated results as of 31 December 2017 (15 Mar 2018),FY2017,https://emarketstorage.it/sites/default/files/comunicati/2022-05/20180315_42251.pdf,2026-10-06,"2,3",Phase 2 and 3 research cluster PR; see Raw data tab source_id,IFRS
PR:S40,PR,Prudential plc,2020 full year results RNS (3 Mar 2021),FY2020,https://data.fca.org.uk/artefacts/NSM/RNS/3897741.html,2026-10-06,Highlights; CFO review: central expenses; footnotes 6 and 9 (HTML),Phase 2 and 3 research cluster PR; see Raw data tab source_id,"IFRS 4; head office costs, actual exchange rates"
PR:S41,PR,Standard Life Aberdeen plc,Half year results 2018 RNS part 1 of 4 (7 Aug 2018),H1 2018,https://www.investegate.co.uk/announcement/rns/aberdeen-group-plc--abdn/half-year-report-part-1-of-4/5487312,2026-10-06,Highlights; CEO review (HTML),Phase 2 and 3 research cluster PR; see Raw data tab source_id,IFRS; adjusted operating expenses
PR:S42,PR,Quilter plc,Full year 2024 results RNS part 1 (5 Mar 2025),FY2024,https://data.fca.org.uk/artefacts/NSM/RNS/5561054.html,2026-10-06,Highlights; strategy section 3; operating expenses; business transformation costs (HTML),Phase 2 and 3 research cluster PR; see Raw data tab source_id,IFRS; adjusted profit basis; operating expenses excl. business transformation costs
PR:S43,PR,Quilter plc,Full year 2025 results RNS part 1 (4 Mar 2026),FY2025,https://data.fca.org.uk/artefacts/NSM/RNS/2af548ba-b8b7-4b49-a711-94a69795e86d.html,2026-10-06,Highlights; operating expenses; business transformation costs (HTML),Phase 2 and 3 research cluster PR; see Raw data tab source_id,IFRS; adjusted profit basis
PR:S44,PR,Canadian Underwriter (press),"Allianz's new three-year plan sets targets (Nov 2015), reporting Allianz Capital Markets Day 2015",FY2015,https://www.canadianunderwriter.ca/insurance/allianzs-new-three-year-plan-sets-targets-to-increase-earnings-and-profitability-implement-digital-1003914441/,2026-10-06,Article,Phase 2 and 3 research cluster PR; see Raw data tab source_id,Press source used because allianz.com archive page returns 404
PR:S45,PR,Daily Investor (press),"Standard Bank's hidden R1.75 trillion gem (2025), citing Standard Bank results presentation",FY2024,https://dailyinvestor.com/banking/126538/standard-banks-hidden-r1-75-trillion-gem/,2026-10-06,Article,Phase 2 and 3 research cluster PR; see Raw data tab source_id,Press source used because JSE SENS and standardbank.com PDFs were not retrievable (Cloudflare block)
PR:S46,PR,Cover Magazine (press),Scottish Widows transfers life business to London (Jan 2016),FY2015,https://www.covermagazine.co.uk/news/2447952/scottish-widows-transfers-life-business-london,2026-10-06,Article,Phase 2 and 3 research cluster PR; see Raw data tab source_id,Press source; Lloyds FY2015 RNS contains no quantified disclosure of the Part VII consolidation
PR:S47,PR,Phoenix Group Holdings,"FY24 results presentation (Mar 2025), not parsed (site redirect); figures from search engine snippet of the document",FY2024,https://thephoenixgroup.com/media/obtl2uiw/phoenix-group-fy24-results-presentation.pdf,2026-10-06,Not parsed,Phase 2 and 3 research cluster PR; see Raw data tab source_id,"Investment spend c.GBP350m FY24, c.GBP700m cumulative 2024-26 (unverified)"
PR:S48,PR,The Motley Fool (press transcript),MetLife Q4 2019 earnings call transcript (6 Feb 2020),FY2019,https://www.fool.com/earnings/call-transcripts/2020/02/06/metlife-met-q4-2019-earnings-call-transcript.aspx,2026-10-06,Transcript,Phase 2 and 3 research cluster PR; see Raw data tab source_id,Press transcript; 10-K too large for fetch tool
PR:S49,PR,City AM (press),Aviva agrees GBP5.6bn deal to buy Friends Life (Dec 2014),FY2014,https://www.cityam.com/aviva-agrees-56bn-deal-buy-friends-life/,2026-10-06,Article,Phase 2 and 3 research cluster PR; see Raw data tab source_id,"Press source for the GBP350m one-off integration cost estimate in the 2 Dec 2014 offer announcement, which was not retrieved"
PR:S50,PR,Business Standard / Reuters (press),"Standard Life, Aberdeen agree merger, seek 200 million pound savings (6 Mar 2017)",FY2017,https://www.business-standard.com/article/reuters/standard-life-aberdeen-agree-merger-seek-200-million-pound-savings-117030600422_1.html,2026-10-06,Article,Phase 2 and 3 research cluster PR; see Raw data tab source_id,Press source for the merger announcement synergy and implementation cost figures
PR:S51,PR,Santam Ltd,Interim results booklet June 2023,H1 2023,https://www.santam.co.za/media/5i2fkmyf/2023-june-ias-booklet.pdf,2026-10-06,"3,8",Phase 2 and 3 research cluster PR; see Raw data tab source_id,IFRS 17; qualitative only
PR:S52,PR,Sanlam Ltd,2024 annual results presentation (Mar 2025),FY2024,https://sanlam.com/downloads/results-announcements/2024/2024-annual-results-singles.pdf,2026-10-06,"15,18,19",Phase 2 and 3 research cluster PR; see Raw data tab source_id,IFRS 17; qualitative only on Assupol synergies
PR:S53,PR,Phoenix Group Holdings,2021 full year results RNS 6359E (14 Mar 2022),FY2021,https://data.fca.org.uk/artefacts/NSM/RNS/4301674.html,2026-10-06,Strategic progress: integrations (HTML),Phase 2 and 3 research cluster PR; see Raw data tab source_id,IFRS
PR:S54,PR,Momentum Metropolitan Holdings,Interim results presentation 1H F2024 (Mar 2024),H1 FY2024,https://wwtst.momentumgroupltd.co.za/remote-assets/s3/clt_mmh_s3/docs/interim-res-24/interim-results-presentation.pdf,2026-10-06,n/a,Phase 2 and 3 research cluster PR; see Raw data tab source_id,"IFRS 17; downloaded, no Reinvent and Grow cost delivery figure found"
PR:S55,PR,Absa Group Limited,No primary document located for an Absa insurance cost programme (search budget exhausted before Absa annual reports could be retrieved),n/a,,2026-10-06,n/a,Phase 2 and 3 research cluster PR; see Raw data tab source_id,Gap record only
FX:ECB,FX,European Central Bank,"Euro foreign exchange reference rates, period averages",2022 to June 2026,https://data-api.ecb.europa.eu/service/data/EXR/A.ZAR.EUR.SP00.A?format=csvdata,2026-10-06,API series,Rand cross rates on the Normalisation tab,Period averages; ZAR per unit = ZAR per EUR / CCY per EUR
