data_id,entity,metric,period_end,value_raw,unit,currency,stated_page,local_file,value_found,page_found,verdict,note
AFS-096,"Non-Life Insurance SA (AIC and ARTIC, division view)",Insurance service expenses (total),2025-12-31,-3181,m,ZAR,pdf90/print88,research/afs/dl/booklet_fy2025.pdf,3 181,pdf 90,match,Document shows the figure in brackets (expense); raw stores it as negative
AFS-112,"Non-Life Insurance SA (AIC and ARTIC, division view)",Insurance revenue,2024-12-31,3986,m,ZAR,pdf90/print88,research/afs/dl/booklet_fy2025.pdf,3 986,pdf 90,match,
AFS-113,"Non-Life Insurance SA (AIC and ARTIC, division view)",Insurance service expenses (total),2024-12-31,-3274,m,ZAR,pdf90/print88,research/afs/dl/booklet_fy2025.pdf,3 274,pdf 90,match,Document shows the figure in brackets (expense); raw stores it as negative
AFS-123,"Non-Life Insurance SA (AIC and ARTIC, division view)","Other operating expenses (non-attributable, insurance SOCI view)",2024-12-31,-466,m,ZAR,pdf90/print88,research/afs/dl/booklet_fy2025.pdf,466,pdf 90,match,Document shows the figure in brackets (expense); raw stores it as negative
AFS-1269,Absa Bank Limited,Insurance commission received (Bank fee and commission income),2023-12-31,739,m,ZAR,pdf79/print77,research/afs/dl/bank_afs_fy2023.pdf,739,pdf 79,match,
AFS-1282,"Absa Life Limited (legal entity, licence I121)",Insurance revenue,2024-12-31,4944.007,m,ZAR,pdf190/print189,research/afs/dl/kpmg_survey_2025.pdf,4 944 007,pdf 190,match,
AFS-1283,"Absa Life Limited (legal entity, licence I121)",Insurance service expenses (total),2024-12-31,-3700.721,m,ZAR,pdf190/print189,research/afs/dl/kpmg_survey_2025.pdf,3 700 721,pdf 190,match,Document shows the figure in brackets (expense); raw stores it as negative
AFS-129,"Insurance HO (AFS insurance head office, SA)",Insurance revenue,2025-12-31,-333,m,ZAR,pdf91/print89,research/afs/dl/booklet_fy2025.pdf,333,pdf 91,match,Document shows the figure in brackets (expense); raw stores it as negative
AFS-1298,"Absa Life Limited (legal entity, licence I121)",Total shareholders' funds,2024-12-31,1825.415,m,ZAR,pdf185/print184,research/afs/dl/kpmg_survey_2025.pdf,1 825 415,pdf 185,match,
AFS-1302,"Absa Life Limited (legal entity, licence I121)",Insurance revenue,2023-12-31,4774.879,m,ZAR,pdf190/print189,research/afs/dl/kpmg_survey_2025.pdf,4 774 879,pdf 190,match,
AFS-1318,"Absa Life Limited (legal entity, licence I121)",Total shareholders' funds,2023-12-31,1423.59,m,ZAR,pdf185/print184,research/afs/dl/kpmg_survey_2025.pdf,1 423 590,pdf 185,match,
AFS-1372,Absa Insurance Company Limited (legal entity),"Administration, management and other expenses (non-attributable)",2024-12-31,-471.976,m,ZAR,pdf202/print201,research/afs/dl/kpmg_survey_2025.pdf,471 976,pdf 202,match,Document shows the figure in brackets (expense); raw stores it as negative
AFS-1377,Absa Insurance Company Limited (legal entity),Total shareholders' funds,2024-12-31,1828.392,m,ZAR,pdf195/print194,research/afs/dl/kpmg_survey_2025.pdf,1 828 392,pdf 195,match,
AFS-1381,Absa Insurance Company Limited (legal entity),Insurance service expenses (total),2023-12-31,-3189.022,m,ZAR,pdf202/print201,research/afs/dl/kpmg_survey_2025.pdf,3 189 022,pdf 202,match,Document shows the figure in brackets (expense); raw stores it as negative
AFS-1390,Absa Insurance Company Limited (legal entity),"Administration, management and other expenses (non-attributable)",2023-12-31,-431.926,m,ZAR,pdf202/print201,research/afs/dl/kpmg_survey_2025.pdf,431 926,pdf 202,match,Document shows the figure in brackets (expense); raw stores it as negative
AFS-140,"Insurance HO (AFS insurance head office, SA)","Other operating expenses (non-attributable, insurance SOCI view)",2025-12-31,-326,m,ZAR,pdf91/print89,research/afs/dl/booklet_fy2025.pdf,326,pdf 91,match,Document shows the figure in brackets (expense); raw stores it as negative
AFS-163,"Insurance SA (Absa Group PPB sub-segment: Absa Life, AIC, ARTIC, Insurance HO)",Insurance revenue,2025-12-31,9079,m,ZAR,pdf91/print89,research/afs/dl/booklet_fy2025.pdf,9 079,pdf 91,match,
AFS-166,"Insurance SA (Absa Group PPB sub-segment: Absa Life, AIC, ARTIC, Insurance HO)",Insurance service result,2025-12-31,1655,m,ZAR,pdf91/print89,research/afs/dl/booklet_fy2025.pdf,1 655,pdf 91,match,
AFS-183,"Insurance SA (Absa Group PPB sub-segment: Absa Life, AIC, ARTIC, Insurance HO)",Insurance service expenses (total),2024-12-31,-7031,m,ZAR,pdf91/print89,research/afs/dl/booklet_fy2025.pdf,7 031,pdf 91,match,Document shows the figure in brackets (expense); raw stores it as negative
AFS-196,"Insurance SA (Absa Group PPB sub-segment: Absa Life, AIC, ARTIC, Insurance HO)",Net operating income (profit before tax),2024-12-31,1556,m,ZAR,pdf91/print89,research/afs/dl/booklet_fy2025.pdf,1 556,pdf 91,match,
AFS-218,"Insurance SA (Absa Group PPB sub-segment: Absa Life, AIC, ARTIC, Insurance HO)",Total equity,2024-12-31,5188,m,ZAR,pdf92/print90,research/afs/dl/booklet_fy2025.pdf,5 188,pdf 92,match,
AFS-287,"Absa Group (consolidated, SA + Africa Regions)",Life contracts not under PAA (GMM/VFA): Amortisation of insurance acquisition cash flows,2025-12-31,-507,m,ZAR,pdf84/print82,research/afs/dl/group_afs_fy2025.pdf,507,pdf 84,match,Document shows the figure in brackets (expense); raw stores it as negative
AFS-298,"Absa Group (consolidated, SA + Africa Regions)",Life contracts not under PAA (GMM/VFA): Incurred claims and other directly attributable service expenses (excl investment components),2024-12-31,-3018,m,ZAR,pdf84/print82,research/afs/dl/group_afs_fy2025.pdf,3 018,pdf 84,match,Document shows the figure in brackets (expense); raw stores it as negative
AFS-319,"Absa Group (consolidated, SA + Africa Regions)",Life contracts under PAA: Insurance service expenses (total),2025-12-31,-695,m,ZAR,pdf87/print85,research/afs/dl/group_afs_fy2025.pdf,695,pdf 87,match,Document shows the figure in brackets (expense); raw stores it as negative
AFS-333,"Absa Group (consolidated, SA + Africa Regions)",Life contracts under PAA: Insurance service expenses (total),2023-12-31,-674,m,ZAR,pdf87/print85,research/afs/dl/group_afs_fy2024.pdf,674,pdf 87,match,Document shows the figure in brackets (expense); raw stores it as negative
AFS-342,"Absa Group (consolidated, SA + Africa Regions)",Non-life contracts (PAA): Amortisation of insurance acquisition cash flows,2025-12-31,-710,m,ZAR,pdf88/print86,research/afs/dl/group_afs_fy2025.pdf,710,pdf 88,match,Document shows the figure in brackets (expense); raw stores it as negative
AFS-343,"Absa Group (consolidated, SA + Africa Regions)",Non-life contracts (PAA): Losses and reversal of losses on onerous contracts,2025-12-31,-102,m,ZAR,pdf88/print86,research/afs/dl/group_afs_fy2025.pdf,102,pdf 88,match,Document shows the figure in brackets (expense); raw stores it as negative
AFS-362,"Absa Group (consolidated, SA + Africa Regions)",Non-life contracts (PAA): Amortisation of insurance acquisition cash flows,2023-12-31,-566,m,ZAR,pdf89/print87,research/afs/dl/group_afs_fy2024.pdf,566,pdf 89,match,Document shows the figure in brackets (expense); raw stores it as negative
AFS-363,"Absa Group (consolidated, SA + Africa Regions)",Non-life contracts (PAA): Losses and reversal of losses on onerous contracts,2023-12-31,2,m,ZAR,pdf89/print87,research/afs/dl/group_afs_fy2024.pdf,2,pdf 89,match,
AFS-441,"Absa Life Limited (legal entity, licence I121)",Solo SAM SCR cover ratio (solo in-country regulatory capital cover),2025-12-31,1.51,ratio,ZAR,pdf242/print240,research/afs/dl/group_afs_fy2025.pdf,1.51,pdf 242,match,
AFS-546,"Non-Life Insurance SA (AIC and ARTIC, division view)",Insurance revenue,2023-12-31,3717,m,ZAR,pdf87/print85,research/afs/dl/booklet_fy2024.pdf,3 717,pdf 87,match,
AFS-547,"Non-Life Insurance SA (AIC and ARTIC, division view)",Insurance service expenses (total),2023-12-31,-3188,m,ZAR,pdf87/print85,research/afs/dl/booklet_fy2024.pdf,3 188,pdf 87,match,Document shows the figure in brackets (expense); raw stores it as negative
AFS-584,"Insurance SA (Absa Group PPB sub-segment: Absa Life, AIC, ARTIC, Insurance HO) [FY2024 booklet basis excl Insurance HO]",Net income/(expense) from reinsurance contracts held,2023-12-31,-341,m,ZAR,pdf87/print85,research/afs/dl/booklet_fy2024.pdf,341,pdf 87,match,Document shows the figure in brackets (expense); raw stores it as negative
AFS-596,"Insurance SA (Absa Group PPB sub-segment: Absa Life, AIC, ARTIC, Insurance HO) [FY2024 booklet basis excl Insurance HO]",Net operating income (profit before tax),2023-12-31,1686,m,ZAR,pdf87/print85,research/afs/dl/booklet_fy2024.pdf,1 686,pdf 87,match,
AFS-608,"Absa Group (consolidated, SA + Africa Regions)","Insurance revenue: Product Solutions Cluster segment (SA, old structure)",2023-12-31,8393,m,ZAR,pdf36/print34,research/afs/dl/booklet_fy2024.pdf,8 393,pdf 36,match,
AFS-681,"Advice and Investments / Non-Banking Financial Services (AIFA, AIMS, Absa Trust, Stockbrokers)","Non-interest income (PSC Head office, Advice and Investments)",2023-12-31,1104,m,ZAR,pdf81/print79,research/afs/dl/booklet_fy2024.pdf,"1 104 (2023 column, PSC Head office, Advice and Investments, non-interest income line)",pdf 81,match,
AFS-737,"Life Insurance SA (Absa Life Ltd incl Instant Life, division view)",Insurance service expenses (total),2026-06-30,-1912,m,ZAR,pdf102/print100,research/afs/dl/booklet_1h2026.pdf,1 912,pdf 102,match,Document shows the figure in brackets (expense); raw stores it as negative
AFS-786,"Insurance HO (AFS insurance head office, SA)",Profit for the period,2026-06-30,-91,m,ZAR,pdf103/print101,research/afs/dl/booklet_1h2026.pdf,91,pdf 103,match,Document shows the figure in brackets (expense); raw stores it as negative
AFS-790,"Insurance SA (Absa Group PPB sub-segment: Absa Life, AIC, ARTIC, Insurance HO)",Insurance service expenses (total),2026-06-30,-3494,m,ZAR,pdf103/print101,research/afs/dl/booklet_1h2026.pdf,3 494,pdf 103,match,Document shows the figure in brackets (expense); raw stores it as negative
AFS-801,"Insurance SA (Absa Group PPB sub-segment: Absa Life, AIC, ARTIC, Insurance HO)",Gross operating income (net insurance income incl investment income),2026-06-30,1281,m,ZAR,pdf103/print101,research/afs/dl/booklet_1h2026.pdf,1 281,pdf 103,match,
EM-175,"Brasilseg (BB Seguridade affiliate, 74.99pct)",Headcount Brasilseg (approximate),2024-12-31,1970,count,BRL,9,research/emerging/dl/bb_mziq_c5220787.pdf,"1,970",pdf 9,match,
EM-176,"Brasilseg (BB Seguridade affiliate, 74.99pct)",Premiums written (gross),2025-12-31,16003.3,m,BRL,12,research/emerging/dl/bb_2026-02-09-cPcJqnhJ.pdf,"16,003,313 (R$ thousand, Premiums written, 2025 column)",pdf 12,match,R$ thousand to million
EM-410,"Bradesco Seguros (Grupo Bradesco Seguros, managerial Insurance Group)",Selling (commission) expenses,2025-12-31,4948,m,BRL,23,research/emerging/dl/bradesco_efar_4q25.pdf,"4,948",pdf 23,match,
EM-498,"Bradesco Seguros (Grupo Bradesco Seguros, managerial Insurance Group)",Headcount Insurance Group,2025-12-31,8148,count,BRL,41,research/emerging/dl/bradesco_efar_4q25.pdf,"8,148",pdf 41,match,
EM-503,"Bradesco Seguros (Grupo Bradesco Seguros, managerial Insurance Group)","Life, personal accident and loss of income insurance contracts",2025-12-31,24480000,count,BRL,26,research/emerging/dl/bradesco_efar_4q25.pdf,"24,480 (thousand contracts, Dec-25)",pdf 26,match,"Chart of insurance contracts, life, personal accidents and loss of income"
EM-515,Maybank Group Insurance and Takaful segment (Etiqa),"Cost-to-income ratio (overhead expenses / net operating income, segment)",2025-12-31,15.91,pct,MYR,246,research/emerging/dl/maybank_fs2025.pdf,"Overhead expenses 247,736 / net operating income 1,556,690 = 15.915 percent",pdf 246,match,Derived row; both components found on the stated page
EM-740,Etiqa Life Insurance Bhd,Insurance revenue,2025-12-31,644.6,m,MYR,32,research/emerging/dl/etiqa_elib_fy25.pdf,"644,568 (RM thousand)",pdf 32,match,"Insurance revenue, note 20"
EM-800,Etiqa Family Takaful Bhd,Total other expenses excluding commission (expense analysis B),2025-12-31,282.6,m,MYR,150-152,research/emerging/dl/etiqa_eftb_fy25.pdf,"Total other expenses (B) 282,641 (RM thousand)",pdf 151,match,Stated range 150-152
EU-060,Credit Agricole Assurances,"Gross written premiums (premium income, non-GAAP, IFRS consolidated scope)",2025-12-31,52400,m,EUR,11,research/europe/dl/caa_urd_2025.pdf,"52.4 (EUR bn, gross written premiums total)",pdf 11,match,EUR bn x 1000
EU-234,VidaCaixa,"Gross written premiums, life (Solvency II, primas brutas)",2025-12-31,11827.1,m,EUR,21,research/europe/dl/vidacaixa_isfs_cons_2025.pdf,"11.827.080 (kEUR, Primas Brutas, total)",pdf 21,match,kEUR to million
EU-249,Intesa Sanpaolo Assicurazioni,Insurance revenue (insurance contracts issued),2025-12-31,3222.7,m,EUR,75,research/europe/dl/ispa_ar_2025_du.pdf,"3,222,749 (kEUR, insurance revenue from insurance contracts issued)",pdf 75,match,kEUR to million
EU-275,Intesa Sanpaolo Assicurazioni,Number of life contracts in force,2025-12-31,4383281,count,EUR,11,research/europe/dl/ispa_ar_2025_du.pdf,"4,383,281",pdf 11,match,
EU-337,KBC Insurance,Insurance revenue before reinsurance (KBC Insurance group),2025-12-31,3214,m,EUR,14,research/europe/dl/kbc_sfcr_2025.pdf,3.214,pdf 14,match,
EU-397,Lloyds IP&I / Scottish Widows,General insurance combined ratio,2025-12-31,0.89,ratio,GBP,md lines 6952-6975,research/europe/dl/lbg_ara_2025.md,General insurance combined ratio 89 percent (2024: 97 percent),md table within lines 6952-6975,match,Markdown extract; stated line range
EU-412,Lloyds IP&I / Scottish Widows,"Scottish Widows Limited: other operating expenses (non-attributable, after reclassification to ISE)",2024-12-31,707,m,GBP,35,research/europe/dl/swl_ara_2024.pdf,707,pdf 35,match,
EU-431,Lloyds IP&I / Scottish Widows,Scottish Widows Limited: fees and commissions payable,2024-12-31,50,m,GBP,74,research/europe/dl/swl_ara_2024.pdf,50,pdf 74,match,
LB-1096,Capitec Bank Holdings - Insurance segment (Capitec Life Limited and run-off cell captives),Insurance segment total operating expenses before reallocation to insurance service expenses,2026-02-28,557.681,m,ZAR,see inputs,research/localbank/dl/cpi_fy26_sens_jina.txt,Operating expenses Insurance column (232 965) plus attributable insurance service expenses reallocated 324 716 = 557 681 (R thousand),"text extract, segment note (group 2026)",match,Derived row; both components found in the text extract
LB-156,Standard Bank Group - Insurance & Asset Management (IAM) segment,Liberty Group Limited SCR cover,2025-12-31,1.5,ratio,ZAR,PDF p30 (printed 58),research/localbank/dl/sbg_2026_interim_booklet.pdf,"1.5 (times covered, SCR cover of Liberty Group Limited)",pdf 30,match,
LB-209,"Standard Bank Group - consolidated insurance lines (IFRS 17, includes Liberty)",Directly attributable expenses (within insurance service expenses),2025-12-31,3947,m,ZAR,"PDF p21 (IS), PDF p109-111 (printed 135-137)",research/localbank/dl/sbg_2025_afs.pdf,"3 947 (directly attributable expenses, total column)",pdf 110,match,Stated range PDF p109-111
LB-215,"Standard Bank Group - consolidated insurance lines (IFRS 17, includes Liberty)",Amortisation of insurance acquisition cash flows,2025-12-31,3478,m,ZAR,"PDF p21 (IS), PDF p109-111 (printed 135-137)",research/localbank/dl/sbg_2025_afs.pdf,"3 478 (amortisation of insurance acquisition cash flows, total column)",pdf 110,match,Stated range PDF p109-111
LB-274,Liberty Group Limited (consolidated),Directly attributable expenses (within insurance service expenses),2025-12-31,4229,m,ZAR,"printed p28 (statement of profit or loss), p166 (note 32), p163 (note 31)",research/localbank/dl/lib_afs_2025_jina.txt,4 229,text extract (no page numbers),match,
LB-279,Liberty Group Limited (consolidated),Amortisation of insurance acquisition cash flows,2025-12-31,3282,m,ZAR,"printed p28 (statement of profit or loss), p166 (note 32), p163 (note 31)",research/localbank/dl/lib_afs_2025_jina.txt,3 282,text extract (no page numbers),match,
LB-344,Liberty Group Limited (consolidated),Total operating expenses (before allocation to insurance service result),2025-12-31,16293,m,ZAR,printed p175 (note 41),research/localbank/dl/lib_afs_2025_jina.txt,16 293,text extract (no page numbers),match,
LB-392,Standard Insurance Limited (Liberty segment view),Insurance revenue,2025-12-31,3729,m,ZAR,printed p35 and p37 (segment note 1),research/localbank/dl/lib_afs_2025_jina.txt,3 729,text extract (no page numbers),match,
LB-393,Standard Insurance Limited (Liberty segment view),Insurance service expenses,2025-12-31,2487,m,ZAR,printed p35 and p37 (segment note 1),research/localbank/dl/lib_afs_2025_jina.txt,2 487,text extract (no page numbers),match,
LB-396,Standard Insurance Limited (Liberty segment view),Other operating expenses (non-attributable),2025-12-31,158,m,ZAR,printed p35 and p37 (segment note 1),research/localbank/dl/lib_afs_2025_jina.txt,158,text extract (no page numbers),match,
LB-397,Standard Insurance Limited (Liberty segment view),"Total operating expenses (segment, before IFRS 17 allocation)",2025-12-31,1418,m,ZAR,printed p35 and p37 (segment note 1),research/localbank/dl/lib_afs_2025_jina.txt,1 418,text extract (no page numbers),match,
LB-401,Standard Insurance Limited (Liberty segment view),Commissions and other acquisition costs,2025-12-31,627,m,ZAR,printed p35 and p37 (segment note 1),research/localbank/dl/lib_afs_2025_jina.txt,627,text extract (no page numbers),match,
LB-910,"Nedgroup Insurance Company Limited (KPMG survey, company statutory AFS)",Insurance revenue,2024-12-31,1559.287,m,ZAR,PDF p206 (printed 205),research/localbank/dl/kpmg_2025.pdf,1 559 287,pdf 206,match,
LB-956,Capitec Bank Holdings - Insurance segment (Capitec Life Limited and run-off cell captives),Amortisation of insurance acquisition cash flows,2026-02-28,15.436,m,ZAR,"printed p162 (income statement), p302-303 (note 24), p313-315 (note 32)",research/localbank/dl/cpi_fy26_sens_jina.txt,15 436,text extract (no page numbers),match,
LN-026,Sanlam Limited (group),amortisation_insurance_acquisition_cash_flows,2025-12-31,4408,m,ZAR,78,research/localnonbank/dl/sanlam_afs_2025.pdf,4 408,pdf 78,match,
LN-043,Sanlam Limited (group),attributable_insurance_service_expenses_excl_claims,2025-12-31,13950,m,ZAR,105,research/localnonbank/dl/sanlam_afs_2025.pdf,13 950,pdf 105,match,
LN-088,Sanlam Life and Savings (SA segment of Sanlam),administration_and_other_costs,2024-12-31,15698,m,ZAR,49,research/localnonbank/dl/sanlam_afs_2025.pdf,"(15 698) (2024 column, Sanlam Life and Savings, administration and other costs)",pdf 49,match,2025 column is 15 705
LN-118,Santam Limited (group),insurance_service_expenses_total,2025-12-31,41691,m,ZAR,21,research/localnonbank/dl/santam_afs_2025.pdf,41 691,pdf 21,match,
LN-244,Old Mutual Limited (group),expense_fee_commission_and_other_acquisition_costs,2025-12-31,13927,m,ZAR,54,research/localnonbank/dl/om_afs_2025.pdf,13 927,pdf 54,match,
LN-255,Old Mutual Limited (group),opex_excl_claims_total,2025-12-31,38736,m,ZAR,54,research/localnonbank/dl/om_afs_2025.pdf,Total operating and administration expenses 52 663 less fee and commission expense and other acquisition costs 13 927 = 38 736,pdf 54,match,Derived row; both components found on the stated page
LN-352,Old Mutual Mass and Foundation (SA retail mass sub-cluster),other_operating_and_administrative_expenses,2024-12-31,3627,m,ZAR,53,research/localnonbank/dl/om_results_2024.pdf,3 627,pdf 53,match,
LN-454,Momentum Group Limited (group),expense_sales_remuneration_total,2026-06-30,9196,m,ZAR,173,research/localnonbank/dl/momentum_results_fy2026.pdf,9 196,pdf 172,match,
LN-624,Momentum Insure (Momentum segment: SA non-life),combined_ratio,2026-06-30,0.875,ratio,ZAR,88,research/localnonbank/dl/momentum_ar_2026.pdf,Underwriting margin 12.5 percent (F2026); 1 - 0.125 = 0.875,pdf 88,match,Derived row
PR-095,Phoenix Group: Standard Life Assurance acquisition transition programme (2018-2023),savings target as pct of cost base,2023-12-31,12.5,pct,,CEO report,research/precedents/dl/phoenix_fy18_rns_fca.html,Savings of GBP 75 million per annum from a combined cost base of GBP 600 million; 75/600 = 12.5 percent,"html, CEO report section",match,Derived row
PR-113,"Aegon: expense savings programme (2021-2023, vs 2019 addressable expense base)",savings target as pct of cost base,2023-12-31,13,pct,,2,research/precedents/dl/aegon_cmd2020_pr.pdf,13,pdf 2,match,
